  0
SECTION
  2
HEADER
  9
$ACADVER
  1
AC1032
  9
$ACADMAINTVER
 90
4
  9
$DWGCODEPAGE
  3
ANSI_1252
  9
$LASTSAVEDBY
  1
ezdxf
  9
$REQUIREDVERSIONS
160
0
  9
$INSBASE
 10
0.0
 20
0.0
 30
0.0
  9
$EXTMIN
 10
1e+20
 20
1e+20
 30
1e+20
  9
$EXTMAX
 10
-1e+20
 20
-1e+20
 30
-1e+20
  9
$LIMMIN
 10
0.0
 20
0.0
  9
$LIMMAX
 10
420.0
 20
297.0
  9
$ORTHOMODE
 70
0
  9
$REGENMODE
 70
1
  9
$FILLMODE
 70
1
  9
$QTEXTMODE
 70
0
  9
$MIRRTEXT
 70
0
  9
$LTSCALE
 40
1.0
  9
$ATTMODE
 70
1
  9
$TEXTSIZE
 40
2.5
  9
$TRACEWID
 40
1.0
  9
$TEXTSTYLE
  7
IRAM
  9
$CLAYER
  8
AN-NOPLOT
  9
$CELTYPE
  6
ByLayer
  9
$CECOLOR
 62
256
  9
$CELTSCALE
 40
1.0
  9
$DISPSILH
 70
0
  9
$DIMSCALE
 40
1.0
  9
$DIMASZ
 40
2.5
  9
$DIMEXO
 40
0.625
  9
$DIMDLI
 40
3.75
  9
$DIMRND
 40
0.0
  9
$DIMDLE
 40
0.0
  9
$DIMEXE
 40
1.25
  9
$DIMTP
 40
0.0
  9
$DIMTM
 40
0.0
  9
$DIMTXT
 40
2.5
  9
$DIMCEN
 40
2.5
  9
$DIMTSZ
 40
0.0
  9
$DIMTOL
 70
0
  9
$DIMLIM
 70
0
  9
$DIMTIH
 70
0
  9
$DIMTOH
 70
0
  9
$DIMSE1
 70
0
  9
$DIMSE2
 70
0
  9
$DIMTAD
 70
1
  9
$DIMZIN
 70
8
  9
$DIMBLK
  1

  9
$DIMASO
 70
1
  9
$DIMSHO
 70
1
  9
$DIMPOST
  1

  9
$DIMAPOST
  1

  9
$DIMALT
 70
0
  9
$DIMALTD
 70
3
  9
$DIMALTF
 40
0.03937007874
  9
$DIMLFAC
 40
1.0
  9
$DIMTOFL
 70
1
  9
$DIMTVP
 40
0.0
  9
$DIMTIX
 70
0
  9
$DIMSOXD
 70
0
  9
$DIMSAH
 70
0
  9
$DIMBLK1
  1

  9
$DIMBLK2
  1

  9
$DIMSTYLE
  2
IRAM-OBRA
  9
$DIMCLRD
 70
0
  9
$DIMCLRE
 70
0
  9
$DIMCLRT
 70
0
  9
$DIMTFAC
 40
1.0
  9
$DIMGAP
 40
0.625
  9
$DIMJUST
 70
0
  9
$DIMSD1
 70
0
  9
$DIMSD2
 70
0
  9
$DIMTOLJ
 70
0
  9
$DIMTZIN
 70
8
  9
$DIMALTZ
 70
0
  9
$DIMALTTZ
 70
0
  9
$DIMUPT
 70
0
  9
$DIMDEC
 70
2
  9
$DIMTDEC
 70
2
  9
$DIMALTU
 70
2
  9
$DIMALTTD
 70
3
  9
$DIMTXSTY
  7
Standard
  9
$DIMAUNIT
 70
0
  9
$DIMADEC
 70
0
  9
$DIMALTRND
 40
0.0
  9
$DIMAZIN
 70
0
  9
$DIMDSEP
 70
44
  9
$DIMATFIT
 70
3
  9
$DIMFRAC
 70
0
  9
$DIMLDRBLK
  1

  9
$DIMLUNIT
 70
2
  9
$DIMLWD
 70
-2
  9
$DIMLWE
 70
-2
  9
$DIMTMOVE
 70
0
  9
$DIMFXL
 40
1.0
  9
$DIMFXLON
 70
0
  9
$DIMJOGANG
 40
0.785398163397
  9
$DIMTFILL
 70
0
  9
$DIMTFILLCLR
 70
0
  9
$DIMARCSYM
 70
0
  9
$DIMLTYPE
  6

  9
$DIMLTEX1
  6

  9
$DIMLTEX2
  6

  9
$DIMTXTDIRECTION
 70
0
  9
$LUNITS
 70
2
  9
$LUPREC
 70
0
  9
$SKETCHINC
 40
1.0
  9
$FILLETRAD
 40
10.0
  9
$AUNITS
 70
0
  9
$AUPREC
 70
1
  9
$MENU
  1
.
  9
$ELEVATION
 40
0.0
  9
$PELEVATION
 40
0.0
  9
$THICKNESS
 40
0.0
  9
$LIMCHECK
 70
0
  9
$CHAMFERA
 40
0.0
  9
$CHAMFERB
 40
0.0
  9
$CHAMFERC
 40
0.0
  9
$CHAMFERD
 40
0.0
  9
$SKPOLY
 70
0
  9
$TDCREATE
 40
2461318.2878935183
  9
$TDUCREATE
 40
2458532.153996898
  9
$TDUPDATE
 40
2461318.2878935183
  9
$TDUUPDATE
 40
2458532.1544311
  9
$TDINDWG
 40
0.0
  9
$TDUSRTIMER
 40
0.0
  9
$USRTIMER
 70
1
  9
$ANGBASE
 50
0.0
  9
$ANGDIR
 70
0
  9
$PDMODE
 70
0
  9
$PDSIZE
 40
0.0
  9
$PLINEWID
 40
0.0
  9
$SPLFRAME
 70
0
  9
$SPLINETYPE
 70
6
  9
$SPLINESEGS
 70
8
  9
$HANDSEED
  5
2D2
  9
$SURFTAB1
 70
6
  9
$SURFTAB2
 70
6
  9
$SURFTYPE
 70
6
  9
$SURFU
 70
6
  9
$SURFV
 70
6
  9
$UCSBASE
  2

  9
$UCSNAME
  2

  9
$UCSORG
 10
0.0
 20
0.0
 30
0.0
  9
$UCSXDIR
 10
1.0
 20
0.0
 30
0.0
  9
$UCSYDIR
 10
0.0
 20
1.0
 30
0.0
  9
$UCSORTHOREF
  2

  9
$UCSORTHOVIEW
 70
0
  9
$UCSORGTOP
 10
0.0
 20
0.0
 30
0.0
  9
$UCSORGBOTTOM
 10
0.0
 20
0.0
 30
0.0
  9
$UCSORGLEFT
 10
0.0
 20
0.0
 30
0.0
  9
$UCSORGRIGHT
 10
0.0
 20
0.0
 30
0.0
  9
$UCSORGFRONT
 10
0.0
 20
0.0
 30
0.0
  9
$UCSORGBACK
 10
0.0
 20
0.0
 30
0.0
  9
$PUCSBASE
  2

  9
$PUCSNAME
  2

  9
$PUCSORG
 10
0.0
 20
0.0
 30
0.0
  9
$PUCSXDIR
 10
1.0
 20
0.0
 30
0.0
  9
$PUCSYDIR
 10
0.0
 20
1.0
 30
0.0
  9
$PUCSORTHOREF
  2

  9
$PUCSORTHOVIEW
 70
0
  9
$PUCSORGTOP
 10
0.0
 20
0.0
 30
0.0
  9
$PUCSORGBOTTOM
 10
0.0
 20
0.0
 30
0.0
  9
$PUCSORGLEFT
 10
0.0
 20
0.0
 30
0.0
  9
$PUCSORGRIGHT
 10
0.0
 20
0.0
 30
0.0
  9
$PUCSORGFRONT
 10
0.0
 20
0.0
 30
0.0
  9
$PUCSORGBACK
 10
0.0
 20
0.0
 30
0.0
  9
$USERI1
 70
0
  9
$USERI2
 70
0
  9
$USERI3
 70
0
  9
$USERI4
 70
0
  9
$USERI5
 70
0
  9
$USERR1
 40
0.0
  9
$USERR2
 40
0.0
  9
$USERR3
 40
0.0
  9
$USERR4
 40
0.0
  9
$USERR5
 40
0.0
  9
$WORLDVIEW
 70
1
  9
$SHADEDGE
 70
3
  9
$SHADEDIF
 70
70
  9
$TILEMODE
 70
1
  9
$MAXACTVP
 70
64
  9
$PINSBASE
 10
0.0
 20
0.0
 30
0.0
  9
$PLIMCHECK
 70
0
  9
$PEXTMIN
 10
1e+20
 20
1e+20
 30
1e+20
  9
$PEXTMAX
 10
-1e+20
 20
-1e+20
 30
-1e+20
  9
$PLIMMIN
 10
-0.0
 20
-0.0
  9
$PLIMMAX
 10
420.0
 20
297.0
  9
$UNITMODE
 70
0
  9
$VISRETAIN
 70
1
  9
$PLINEGEN
 70
1
  9
$PSLTSCALE
 70
1
  9
$TREEDEPTH
 70
3020
  9
$CMLSTYLE
  2
Standard
  9
$CMLJUST
 70
0
  9
$CMLSCALE
 40
20.0
  9
$PROXYGRAPHICS
 70
1
  9
$MEASUREMENT
 70
1
  9
$CELWEIGHT
370
-1
  9
$ENDCAPS
280
0
  9
$JOINSTYLE
280
0
  9
$LWDISPLAY
290
1
  9
$INSUNITS
 70
4
  9
$HYPERLINKBASE
  1

  9
$STYLESHEET
  1

  9
$XEDIT
290
1
  9
$CEPSNTYPE
380
0
  9
$PSTYLEMODE
290
1
  9
$FINGERPRINTGUID
  2
{C6F0172F-5720-4CBD-9E4E-1B46D128FB15}
  9
$VERSIONGUID
  2
{64152CAC-66F0-4109-A92B-4CBFBC4ADDAC}
  9
$EXTNAMES
290
1
  9
$PSVPSCALE
 40
0.0
  9
$OLESTARTUP
290
0
  9
$SORTENTS
280
127
  9
$INDEXCTL
280
0
  9
$HIDETEXT
280
1
  9
$XCLIPFRAME
280
1
  9
$HALOGAP
280
0
  9
$OBSCOLOR
 70
257
  9
$OBSLTYPE
280
0
  9
$INTERSECTIONDISPLAY
280
0
  9
$INTERSECTIONCOLOR
 70
257
  9
$DIMASSOC
280
2
  9
$PROJECTNAME
  1

  9
$CAMERADISPLAY
290
0
  9
$LENSLENGTH
 40
50.0
  9
$CAMERAHEIGHT
 40
0.0
  9
$STEPSPERSEC
 40
24.0
  9
$STEPSIZE
 40
100.0
  9
$3DDWFPREC
 40
2.0
  9
$PSOLWIDTH
 40
0.005
  9
$PSOLHEIGHT
 40
0.08
  9
$LOFTANG1
 40
1.570796326795
  9
$LOFTANG2
 40
1.570796326795
  9
$LOFTMAG1
 40
0.0
  9
$LOFTMAG2
 40
0.0
  9
$LOFTPARAM
 70
7
  9
$LOFTNORMALS
280
1
  9
$LATITUDE
 40
37.795
  9
$LONGITUDE
 40
-122.394
  9
$NORTHDIRECTION
 40
0.0
  9
$TIMEZONE
 70
-8000
  9
$LIGHTGLYPHDISPLAY
280
1
  9
$TILEMODELIGHTSYNCH
280
1
  9
$CMATERIAL
347
20
  9
$SOLIDHIST
280
0
  9
$SHOWHIST
280
1
  9
$DWFFRAME
280
2
  9
$DGNFRAME
280
2
  9
$REALWORLDSCALE
290
1
  9
$INTERFERECOLOR
 62
256
  9
$CSHADOW
280
0
  9
$SHADOWPLANELOCATION
 40
0.0
  0
ENDSEC
  0
SECTION
  2
CLASSES
  0
CLASS
  1
ACDBDICTIONARYWDFLT
  2
AcDbDictionaryWithDefault
  3
ObjectDBX Classes
 90
0
 91
0
280
0
281
0
  0
CLASS
  1
SUN
  2
AcDbSun
  3
SCENEOE
 90
1153
 91
0
280
0
281
0
  0
CLASS
  1
VISUALSTYLE
  2
AcDbVisualStyle
  3
ObjectDBX Classes
 90
4095
 91
0
280
0
281
0
  0
CLASS
  1
MATERIAL
  2
AcDbMaterial
  3
ObjectDBX Classes
 90
1153
 91
0
280
0
281
0
  0
CLASS
  1
SCALE
  2
AcDbScale
  3
ObjectDBX Classes
 90
1153
 91
0
280
0
281
0
  0
CLASS
  1
TABLESTYLE
  2
AcDbTableStyle
  3
ObjectDBX Classes
 90
4095
 91
0
280
0
281
0
  0
CLASS
  1
MLEADERSTYLE
  2
AcDbMLeaderStyle
  3
ACDB_MLEADERSTYLE_CLASS
 90
4095
 91
0
280
0
281
0
  0
CLASS
  1
DICTIONARYVAR
  2
AcDbDictionaryVar
  3
ObjectDBX Classes
 90
0
 91
0
280
0
281
0
  0
CLASS
  1
CELLSTYLEMAP
  2
AcDbCellStyleMap
  3
ObjectDBX Classes
 90
1152
 91
0
280
0
281
0
  0
CLASS
  1
MENTALRAYRENDERSETTINGS
  2
AcDbMentalRayRenderSettings
  3
SCENEOE
 90
1024
 91
0
280
0
281
0
  0
CLASS
  1
ACDBDETAILVIEWSTYLE
  2
AcDbDetailViewStyle
  3
ObjectDBX Classes
 90
1025
 91
0
280
0
281
0
  0
CLASS
  1
ACDBSECTIONVIEWSTYLE
  2
AcDbSectionViewStyle
  3
ObjectDBX Classes
 90
1025
 91
0
280
0
281
0
  0
CLASS
  1
RASTERVARIABLES
  2
AcDbRasterVariables
  3
ISM
 90
0
 91
0
280
0
281
0
  0
CLASS
  1
SORTENTSTABLE
  2
AcDbSortentsTable
  3
ObjectDBX Classes
 90
0
 91
0
280
0
281
0
  0
CLASS
  1
LAYOUT
  2
AcDbLayout
  3
ObjectDBX Classes
 90
0
 91
0
280
0
281
0
  0
CLASS
  1
ACDBPLACEHOLDER
  2
AcDbPlaceHolder
  3
ObjectDBX Classes
 90
0
 91
0
280
0
281
0
  0
ENDSEC
  0
SECTION
  2
TABLES
  0
TABLE
  2
VPORT
  5
8
330
0
100
AcDbSymbolTable
 70
1
  0
VPORT
  5
23
330
8
100
AcDbSymbolTableRecord
100
AcDbViewportTableRecord
  2
*Active
 70
0
 10
0.0
 20
0.0
 11
1.0
 21
1.0
 12
0.0
 22
0.0
 13
0.0
 23
0.0
 14
0.5
 24
0.5
 15
0.5
 25
0.5
 16
0.0
 26
0.0
 36
1.0
 17
0.0
 27
0.0
 37
0.0
 40
1000.0
 41
1.34
 42
50.0
 43
0.0
 44
0.0
 50
0.0
 51
0.0
 71
0
 72
1000
 73
1
 74
3
 75
0
 76
0
 77
0
 78
0
281
0
 65
0
146
0.0
  0
ENDTAB
  0
TABLE
  2
LTYPE
  5
2
330
0
100
AcDbSymbolTable
 70
5
  0
LTYPE
  5
24
330
2
100
AcDbSymbolTableRecord
100
AcDbLinetypeTableRecord
  2
ByBlock
 70
0
  3

 72
65
 73
0
 40
0.0
  0
LTYPE
  5
25
330
2
100
AcDbSymbolTableRecord
100
AcDbLinetypeTableRecord
  2
ByLayer
 70
0
  3

 72
65
 73
0
 40
0.0
  0
LTYPE
  5
26
330
2
100
AcDbSymbolTableRecord
100
AcDbLinetypeTableRecord
  2
Continuous
 70
0
  3

 72
65
 73
0
 40
0.0
  0
LTYPE
  5
30
330
2
100
AcDbSymbolTableRecord
100
AcDbLinetypeTableRecord
  2
ACAD_ISO02W100
 70
0
  3
ISO dash __ __ __ __ __ __ __ __ __ __ __ __ __
 72
65
 73
2
 40
15.0
 49
12.0
 74
0
 49
-3.0
 74
0
  0
LTYPE
  5
31
330
2
100
AcDbSymbolTableRecord
100
AcDbLinetypeTableRecord
  2
ACAD_ISO04W100
 70
0
  3
ISO long-dash dot ____ . ____ . ____ . ____ . _
 72
65
 73
4
 40
30.0
 49
24.0
 74
0
 49
-3.0
 74
0
 49
0.0
 74
0
 49
-3.0
 74
0
  0
ENDTAB
  0
TABLE
  2
LAYER
  5
1
330
0
100
AcDbSymbolTable
 70
45
  0
LAYER
  5
27
330
1
100
AcDbSymbolTableRecord
100
AcDbLayerTableRecord
  2
0
 70
0
 62
7
  6
Continuous
370
-3
390
13
347
21
1001
AcAecLayerStandard
1000

1000
Solo dentro de bloques
  0
LAYER
  5
28
330
1
100
AcDbSymbolTableRecord
100
AcDbLayerTableRecord
  2
Defpoints
 70
0
 62
7
  6
Continuous
290
0
370
-3
390
13
347
21
  0
LAYER
  5
32
330
1
100
AcDbSymbolTableRecord
100
AcDbLayerTableRecord
  2
G-MARCO
 70
0
 62
7
  6
Continuous
370
70
390
13
347
21
1001
AcAecLayerStandard
1000

1000
Recuadro y marcas de centrado
  0
LAYER
  5
34
330
1
100
AcDbSymbolTableRecord
100
AcDbLayerTableRecord
  2
G-ROTULO
 70
0
 62
7
  6
Continuous
370
35
390
13
347
21
1001
AcAecLayerStandard
1000

1000
Rótulo, lista de materiales, tabla de revisiones
  0
LAYER
  5
35
330
1
100
AcDbSymbolTableRecord
100
AcDbLayerTableRecord
  2
G-VENTANAS
 70
0
 62
8
  6
Continuous
290
0
370
13
390
13
347
21
1001
AcAecLayerStandard
1000

1000
Viewports
  0
LAYER
  5
36
330
1
100
AcDbSymbolTableRecord
100
AcDbLayerTableRecord
  2
G-EJES
 70
0
 62
1
  6
ACAD_ISO04W100
370
18
390
13
347
21
1001
AcAecLayerStandard
1000

1000
Ejes de líneas, columnas, tabiques y piezas
  0
LAYER
  5
37
330
1
100
AcDbSymbolTableRecord
100
AcDbLayerTableRecord
  2
EX-HORMIGON-CORTE
 70
0
 62
8
  6
Continuous
370
35
390
13
347
21
1001
AcAecLayerStandard
1000

1000
H° existente cortado
  0
LAYER
  5
38
330
1
100
AcDbSymbolTableRecord
100
AcDbLayerTableRecord
  2
EX-HORMIGON-VISTA
 70
0
 62
8
  6
Continuous
370
25
390
13
347
21
1001
AcAecLayerStandard
1000

1000
H° existente en vista
  0
LAYER
  5
39
330
1
100
AcDbSymbolTableRecord
100
AcDbLayerTableRecord
  2
EX-MADERA
 70
0
 62
32
  6
Continuous
370
25
390
13
347
21
1001
AcAecLayerStandard
1000

1000
Machimbre, cabios, correas y viga de madera
  0
LAYER
  5
3A
330
1
100
AcDbSymbolTableRecord
100
AcDbLayerTableRecord
  2
EX-CERRAMIENTO
 70
0
 62
8
  6
Continuous
370
25
390
13
347
21
1001
AcAecLayerStandard
1000

1000
Chapa de muros y cubierta
  0
LAYER
  5
3B
330
1
100
AcDbSymbolTableRecord
100
AcDbLayerTableRecord
  2
EX-COLUMNAS
 70
0
 62
8
  6
Continuous
370
35
390
13
347
21
1001
AcAecLayerStandard
1000

1000
Columnas existentes
  0
LAYER
  5
3C
330
1
100
AcDbSymbolTableRecord
100
AcDbLayerTableRecord
  2
EX-TERRENO
 70
0
 62
8
  6
Continuous
370
18
390
13
347
21
1001
AcAecLayerStandard
1000

1000
Terreno natural y relleno
  0
LAYER
  5
3D
330
1
100
AcDbSymbolTableRecord
100
AcDbLayerTableRecord
  2
NU-REDLER-CONDUCTO
 70
0
 62
5
  6
Continuous
370
50
390
13
347
21
1001
AcAecLayerStandard
1000

1000
Conducto, bridas, tapa y divisor
  0
LAYER
  5
3E
330
1
100
AcDbSymbolTableRecord
100
AcDbLayerTableRecord
  2
NU-REDLER-MECANICO
 70
0
 62
4
  6
Continuous
370
35
390
13
347
21
1001
AcAecLayerStandard
1000

1000
Cabezal, cola, ruedas, ejes, cadena, paletas y motorreductor
  0
LAYER
  5
3F
330
1
100
AcDbSymbolTableRecord
100
AcDbLayerTableRecord
  2
NU-COMPUERTAS
 70
0
 62
150
  6
Continuous
370
35
390
13
347
21
1001
AcAecLayerStandard
1000

1000
Placa guillotina, guías, pantalón, brazos y actuador
  0
LAYER
  5
40
330
1
100
AcDbSymbolTableRecord
100
AcDbLayerTableRecord
  2
NU-ESTRUCT-CORTE
 70
0
 62
1
  6
Continuous
370
50
390
13
347
21
1001
AcAecLayerStandard
1000

1000
Perfiles y chapas nuevas cortadas
  0
LAYER
  5
41
330
1
100
AcDbSymbolTableRecord
100
AcDbLayerTableRecord
  2
NU-ESTRUCT-VISTA
 70
0
 62
1
  6
Continuous
370
35
390
13
347
21
1001
AcAecLayerStandard
1000

1000
Perfiles y chapas nuevas en vista
  0
LAYER
  5
42
330
1
100
AcDbSymbolTableRecord
100
AcDbLayerTableRecord
  2
NU-APOYOS
 70
0
 62
1
  6
Continuous
370
35
390
13
347
21
1001
AcAecLayerStandard
1000

1000
Placas, asientos, PTFE, cartelas y dados
  0
LAYER
  5
43
330
1
100
AcDbSymbolTableRecord
100
AcDbLayerTableRecord
  2
NU-PASARELA
 70
0
 62
2
  6
Continuous
370
35
390
13
347
21
1001
AcAecLayerStandard
1000

1000
Ménsulas, rejilla, larguero y rodapié
  0
LAYER
  5
44
330
1
100
AcDbSymbolTableRecord
100
AcDbLayerTableRecord
  2
NU-BARANDA
 70
0
 62
2
  6
Continuous
370
25
390
13
347
21
1001
AcAecLayerStandard
1000

1000
Montantes, pasamanos y travesaños
  0
LAYER
  5
45
330
1
100
AcDbSymbolTableRecord
100
AcDbLayerTableRecord
  2
NU-ESCALERA
 70
0
 62
2
  6
Continuous
370
35
390
13
347
21
1001
AcAecLayerStandard
1000

1000
Escalera exterior y marinera
  0
LAYER
  5
46
330
1
100
AcDbSymbolTableRecord
100
AcDbLayerTableRecord
  2
NU-PLATAFORMA
 70
0
 62
2
  6
Continuous
370
35
390
13
347
21
1001
AcAecLayerStandard
1000

1000
Plataforma exterior, postes y vigas
  0
LAYER
  5
47
330
1
100
AcDbSymbolTableRecord
100
AcDbLayerTableRecord
  2
NU-ELEVADOR
 70
0
 62
1
  6
Continuous
370
50
390
13
347
21
1001
AcAecLayerStandard
1000

1000
Bota, cuerpo, cabeza, desviador y chutes
  0
LAYER
  5
48
330
1
100
AcDbSymbolTableRecord
100
AcDbLayerTableRecord
  2
NU-RECEPCION
 70
0
 62
6
  6
Continuous
370
50
390
13
347
21
1001
AcAecLayerStandard
1000

1000
Fosa, tolva, reja, banda, tapa y sumidero
  0
LAYER
  5
49
330
1
100
AcDbSymbolTableRecord
100
AcDbLayerTableRecord
  2
NU-ELECTRICO
 70
0
 62
3
  6
Continuous
370
25
390
13
347
21
1001
AcAecLayerStandard
1000

1000
Bandejas portacables y sensores
  0
LAYER
  5
4A
330
1
100
AcDbSymbolTableRecord
100
AcDbLayerTableRecord
  2
NU-BULONES-SOLD
 70
0
 62
1
  6
Continuous
370
18
390
13
347
21
1001
AcAecLayerStandard
1000

1000
Bulones, anclajes y símbolos de soldadura
  0
LAYER
  5
4B
330
1
100
AcDbSymbolTableRecord
100
AcDbLayerTableRecord
  2
AN-OCULTO
 70
0
 62
8
  6
ACAD_ISO02W100
370
25
390
13
347
21
1001
AcAecLayerStandard
1000

1000
Aristas ocultas
  0
LAYER
  5
4C
330
1
100
AcDbSymbolTableRecord
100
AcDbLayerTableRecord
  2
AN-RAYADO-EX
 70
0
 62
9
  6
Continuous
370
13
390
13
347
21
1001
AcAecLayerStandard
1000

1000
Rayados de elementos existentes
  0
LAYER
  5
4D
330
1
100
AcDbSymbolTableRecord
100
AcDbLayerTableRecord
  2
AN-RAYADO-NU
 70
0
 62
1
  6
Continuous
370
13
390
13
347
21
1001
AcAecLayerStandard
1000

1000
Rayados de elementos nuevos
  0
LAYER
  5
4E
330
1
100
AcDbSymbolTableRecord
100
AcDbLayerTableRecord
  2
AN-COTAS
 70
0
 62
3
  6
Continuous
370
18
390
13
347
21
1001
AcAecLayerStandard
1000

1000
Cotas
  0
LAYER
  5
4F
330
1
100
AcDbSymbolTableRecord
100
AcDbLayerTableRecord
  2
AN-NIVELES
 70
0
 62
3
  6
Continuous
370
18
390
13
347
21
1001
AcAecLayerStandard
1000

1000
Símbolos de nivel
  0
LAYER
  5
50
330
1
100
AcDbSymbolTableRecord
100
AcDbLayerTableRecord
  2
AN-REFERENCIAS
 70
0
 62
3
  6
Continuous
370
18
390
13
347
21
1001
AcAecLayerStandard
1000

1000
Multileaders y globos
  0
LAYER
  5
51
330
1
100
AcDbSymbolTableRecord
100
AcDbLayerTableRecord
  2
AN-TEXTOS
 70
0
 62
7
  6
Continuous
370
25
390
13
347
21
1001
AcAecLayerStandard
1000

1000
Títulos de vista y notas técnicas
  0
LAYER
  5
52
330
1
100
AcDbSymbolTableRecord
100
AcDbLayerTableRecord
  2
AN-CORTES-LLAMADAS
 70
0
 62
1
  6
ACAD_ISO04W100
370
18
390
13
347
21
1001
AcAecLayerStandard
1000

1000
Líneas de corte y llamadas de detalle (extremos 0,70)
  0
LAYER
  5
53
330
1
100
AcDbSymbolTableRecord
100
AcDbLayerTableRecord
  2
AN-TABLAS
 70
0
 62
7
  6
Continuous
370
25
390
13
347
21
1001
AcAecLayerStandard
1000

1000
Tablas y listas
  0
LAYER
  5
54
330
1
100
AcDbSymbolTableRecord
100
AcDbLayerTableRecord
  2
AN-FLUJO
 70
0
 62
1
  6
Continuous
370
35
390
13
347
21
1001
AcAecLayerStandard
1000

1000
Flechas y numeración del recorrido del producto
  0
LAYER
  5
55
330
1
100
AcDbSymbolTableRecord
100
AcDbLayerTableRecord
  2
AN-IMAGENES
 70
0
 62
7
  6
Continuous
370
-3
390
13
347
21
1001
AcAecLayerStandard
1000

1000
Fotos del relevamiento
  0
LAYER
  5
56
330
1
100
AcDbSymbolTableRecord
100
AcDbLayerTableRecord
  2
AN-NOPLOT
 70
0
 62
8
  6
Continuous
290
0
370
-3
390
13
347
21
1001
AcAecLayerStandard
1000

1000
Auxiliares, zonas y verificación
  0
LAYER
  5
57
330
1
100
AcDbSymbolTableRecord
100
AcDbLayerTableRecord
  2
3D-GALPON
 70
0
 62
8
  6
Continuous
370
25
390
13
347
21
1001
AcAecLayerStandard
1000

1000
Sólidos ISO-13: galpón existente
  0
LAYER
  5
58
330
1
100
AcDbSymbolTableRecord
100
AcDbLayerTableRecord
  2
3D-REDLER
 70
0
 62
5
  6
Continuous
370
25
390
13
347
21
1001
AcAecLayerStandard
1000

1000
Sólidos ISO-13: conductos, cabezales y colas
  0
LAYER
  5
59
330
1
100
AcDbSymbolTableRecord
100
AcDbLayerTableRecord
  2
3D-COMPUERTAS
 70
0
 62
150
  6
Continuous
370
25
390
13
347
21
1001
AcAecLayerStandard
1000

1000
Sólidos ISO-13: compuertas y pantalones
  0
LAYER
  5
5A
330
1
100
AcDbSymbolTableRecord
100
AcDbLayerTableRecord
  2
3D-ESTRUCT
 70
0
 62
1
  6
Continuous
370
25
390
13
347
21
1001
AcAecLayerStandard
1000

1000
Sólidos ISO-13: viga carrilera y apoyos
  0
LAYER
  5
5B
330
1
100
AcDbSymbolTableRecord
100
AcDbLayerTableRecord
  2
3D-PASARELA
 70
0
 62
2
  6
Continuous
370
25
390
13
347
21
1001
AcAecLayerStandard
1000

1000
Sólidos ISO-13: pasarelas, plataforma y escalera
  0
LAYER
  5
5C
330
1
100
AcDbSymbolTableRecord
100
AcDbLayerTableRecord
  2
3D-ELEVADOR
 70
0
 62
1
  6
Continuous
370
25
390
13
347
21
1001
AcAecLayerStandard
1000

1000
Sólidos ISO-13: elevador, desviador y chutes
  0
LAYER
  5
5D
330
1
100
AcDbSymbolTableRecord
100
AcDbLayerTableRecord
  2
3D-RECEPCION
 70
0
 62
6
  6
Continuous
370
25
390
13
347
21
1001
AcAecLayerStandard
1000

1000
Sólidos ISO-13: fosa y tolva
  0
ENDTAB
  0
TABLE
  2
STYLE
  5
5
330
0
100
AcDbSymbolTable
 70
4
  0
STYLE
  5
29
330
5
100
AcDbSymbolTableRecord
100
AcDbTextStyleTableRecord
  2
Standard
 70
0
 40
0.0
 41
1.0
 50
0.0
 71
0
 42
2.5
  3
txt
  4

  0
STYLE
  5
5E
330
5
100
AcDbSymbolTableRecord
100
AcDbTextStyleTableRecord
  2
IRAM
 70
0
 40
0.0
 41
1.0
 50
0.0
 71
0
 42
2.5
  3
isocpeur.ttf
  4

1001
ACAD
1000
ISOCPEUR
1071
34
1001
AcadAnnotative
1000
AnnotativeData
1002
{
1070
1
1070
1
1002
}
  0
STYLE
  5
5F
330
5
100
AcDbSymbolTableRecord
100
AcDbTextStyleTableRecord
  2
IRAM-N
 70
0
 40
0.0
 41
1.0
 50
0.0
 71
0
 42
2.5
  3
isocpeur.ttf
  4

1001
ACAD
1000
ISOCPEUR
1071
34
  0
STYLE
  5
60
330
5
100
AcDbSymbolTableRecord
100
AcDbTextStyleTableRecord
  2
IRAM-NEGRITA
 70
0
 40
0.0
 41
1.0
 50
0.0
 71
0
 42
2.5
  3
isocpeur.ttf
  4

1001
ACAD
1000
ISOCPEUR
1071
33554466
  0
ENDTAB
  0
TABLE
  2
VIEW
  5
7
330
0
100
AcDbSymbolTable
 70
0
  0
ENDTAB
  0
TABLE
  2
UCS
  5
6
330
0
100
AcDbSymbolTable
 70
13
  0
UCS
  5
127
330
6
100
AcDbSymbolTableRecord
100
AcDbUCSTableRecord
  2
UCS-P
 70
0
 10
0.0
 20
0.0
 30
0.0
 11
1.0
 21
0.0
 31
0.0
 12
0.0
 22
1.0
 32
0.0
  0
UCS
  5
12C
330
6
100
AcDbSymbolTableRecord
100
AcDbUCSTableRecord
  2
UCS-A
 70
0
 10
0.0
 20
60000.0
 30
0.0
 11
1.0
 21
0.0
 31
0.0
 12
0.0
 22
1.0
 32
0.0
  0
UCS
  5
131
330
6
100
AcDbSymbolTableRecord
100
AcDbUCSTableRecord
  2
UCS-B
 70
0
 10
110000.0
 20
60000.0
 30
0.0
 11
-1.0
 21
0.0
 31
0.0
 12
0.0
 22
1.0
 32
0.0
  0
UCS
  5
136
330
6
100
AcDbSymbolTableRecord
100
AcDbUCSTableRecord
  2
UCS-C
 70
0
 10
120000.0
 20
60000.0
 30
0.0
 11
1.0
 21
0.0
 31
0.0
 12
0.0
 22
1.0
 32
0.0
  0
UCS
  5
13B
330
6
100
AcDbSymbolTableRecord
100
AcDbUCSTableRecord
  2
UCS-R
 70
0
 10
120000.0
 20
0.0
 30
0.0
 11
1.0
 21
0.0
 31
0.0
 12
0.0
 22
1.0
 32
0.0
  0
UCS
  5
140
330
6
100
AcDbSymbolTableRecord
100
AcDbUCSTableRecord
  2
UCS-DET04
 70
0
 10
0.0
 20
120000.0
 30
0.0
 11
1.0
 21
0.0
 31
0.0
 12
0.0
 22
1.0
 32
0.0
  0
UCS
  5
145
330
6
100
AcDbSymbolTableRecord
100
AcDbUCSTableRecord
  2
UCS-DET05
 70
0
 10
0.0
 20
150000.0
 30
0.0
 11
1.0
 21
0.0
 31
0.0
 12
0.0
 22
1.0
 32
0.0
  0
UCS
  5
14A
330
6
100
AcDbSymbolTableRecord
100
AcDbUCSTableRecord
  2
UCS-DET06
 70
0
 10
0.0
 20
180000.0
 30
0.0
 11
1.0
 21
0.0
 31
0.0
 12
0.0
 22
1.0
 32
0.0
  0
UCS
  5
14F
330
6
100
AcDbSymbolTableRecord
100
AcDbUCSTableRecord
  2
UCS-DET07
 70
0
 10
0.0
 20
210000.0
 30
0.0
 11
1.0
 21
0.0
 31
0.0
 12
0.0
 22
1.0
 32
0.0
  0
UCS
  5
154
330
6
100
AcDbSymbolTableRecord
100
AcDbUCSTableRecord
  2
UCS-DET08
 70
0
 10
0.0
 20
240000.0
 30
0.0
 11
1.0
 21
0.0
 31
0.0
 12
0.0
 22
1.0
 32
0.0
  0
UCS
  5
159
330
6
100
AcDbSymbolTableRecord
100
AcDbUCSTableRecord
  2
UCS-DET09
 70
0
 10
0.0
 20
270000.0
 30
0.0
 11
1.0
 21
0.0
 31
0.0
 12
0.0
 22
1.0
 32
0.0
  0
UCS
  5
15E
330
6
100
AcDbSymbolTableRecord
100
AcDbUCSTableRecord
  2
UCS-DET10
 70
0
 10
0.0
 20
300000.0
 30
0.0
 11
1.0
 21
0.0
 31
0.0
 12
0.0
 22
1.0
 32
0.0
  0
UCS
  5
163
330
6
100
AcDbSymbolTableRecord
100
AcDbUCSTableRecord
  2
UCS-DET12
 70
0
 10
0.0
 20
360000.0
 30
0.0
 11
1.0
 21
0.0
 31
0.0
 12
0.0
 22
1.0
 32
0.0
  0
ENDTAB
  0
TABLE
  2
APPID
  5
3
330
0
100
AcDbSymbolTable
 70
5
  0
APPID
  5
2A
330
3
100
AcDbSymbolTableRecord
100
AcDbRegAppTableRecord
  2
ACAD
 70
0
  0
APPID
  5
2F
330
3
100
AcDbSymbolTableRecord
100
AcDbRegAppTableRecord
  2
AcadAnnotative
 70
0
  0
APPID
  5
33
330
3
100
AcDbSymbolTableRecord
100
AcDbRegAppTableRecord
  2
AcAecLayerStandard
 70
0
  0
APPID
  5
2CF
330
3
100
AcDbSymbolTableRecord
100
AcDbRegAppTableRecord
  2
HATCHBACKGROUNDCOLOR
 70
0
  0
APPID
  5
2D0
330
3
100
AcDbSymbolTableRecord
100
AcDbRegAppTableRecord
  2
EZDXF
 70
0
  0
ENDTAB
  0
TABLE
  2
DIMSTYLE
  5
4
330
0
100
AcDbSymbolTable
 70
4
100
AcDbDimStyleTable
  0
DIMSTYLE
105
2B
330
4
100
AcDbSymbolTableRecord
100
AcDbDimStyleTableRecord
  2
Standard
 70
0
 40
1.0
 41
2.5
 42
0.625
 43
3.75
 44
1.25
 45
0.0
 46
0.0
 47
0.0
 48
0.0
 49
2.5
140
2.5
141
2.5
142
0.0
143
0.03937007874
144
1.0
145
0.0
146
1.0
147
0.625
148
0.0
 69
0
 70
0
 71
0
 72
0
 73
0
 74
0
 75
0
 76
0
 77
1
 78
8
 79
3
170
0
171
3
172
1
173
0
174
0
175
0
176
0
177
0
178
0
179
2
271
2
272
2
273
2
274
3
275
0
276
0
277
2
278
44
279
0
280
0
281
0
282
0
283
0
284
8
285
0
286
0
288
0
289
3
290
0
371
-2
372
-2
  0
DIMSTYLE
105
6A
330
4
100
AcDbSymbolTableRecord
100
AcDbDimStyleTableRecord
  2
IRAM-OBRA
 70
0
 40
1.0
 41
2.0
 42
1.5
 43
7.0
 44
2.0
 45
0.0
 46
0.0
 47
0.0
 48
0.0
 49
2.5
140
2.5
141
0.0
142
0.0
143
0.03937007874
144
0.001
145
0.0
146
1.0
147
1.0
148
0.0
 69
0
 70
0
 71
0
 72
0
 73
0
 74
0
 75
0
 76
0
 77
1
 78
0
 79
0
170
0
171
3
172
1
173
0
174
0
175
0
176
256
177
256
178
256
179
0
271
2
272
2
273
2
274
3
275
0
276
0
277
2
278
44
279
1
280
0
281
0
282
0
283
0
284
8
285
0
286
0
288
0
289
3
290
0
340
5E
342
61
371
-1
372
-1
1001
AcadAnnotative
1000
AnnotativeData
1002
{
1070
1
1070
1
1002
}
  0
DIMSTYLE
105
6F
330
4
100
AcDbSymbolTableRecord
100
AcDbDimStyleTableRecord
  2
IRAM-OBRA-3
 70
0
 40
1.0
 41
2.0
 42
1.5
 43
7.0
 44
2.0
 45
0.0
 46
0.0
 47
0.0
 48
0.0
 49
2.5
140
2.5
141
0.0
142
0.0
143
0.03937007874
144
0.001
145
0.0
146
1.0
147
1.0
148
0.0
 69
0
 70
0
 71
0
 72
0
 73
0
 74
0
 75
0
 76
0
 77
1
 78
0
 79
0
170
0
171
3
172
1
173
0
174
0
175
0
176
256
177
256
178
256
179
0
271
3
272
2
273
2
274
3
275
0
276
0
277
2
278
44
279
1
280
0
281
0
282
0
283
0
284
8
285
0
286
0
288
0
289
3
290
0
340
5E
342
61
371
-1
372
-1
1001
AcadAnnotative
1000
AnnotativeData
1002
{
1070
1
1070
1
1002
}
  0
DIMSTYLE
105
70
330
4
100
AcDbSymbolTableRecord
100
AcDbDimStyleTableRecord
  2
IRAM-MEC
 70
0
 40
1.0
 41
2.5
 42
1.5
 43
7.0
 44
2.0
 45
0.0
 46
0.0
 47
0.0
 48
0.0
 49
2.5
140
2.5
141
0.0
142
0.0
143
0.03937007874
144
1.0
145
0.0
146
1.0
147
1.0
148
0.0
 69
0
 70
0
 71
0
 72
0
 73
0
 74
0
 75
0
 76
0
 77
1
 78
0
 79
0
170
0
171
3
172
1
173
0
174
0
175
0
176
256
177
256
178
256
179
0
271
0
272
2
273
2
274
3
275
0
276
0
277
2
278
44
279
1
280
0
281
0
282
0
283
0
284
8
285
0
286
0
288
0
289
3
290
0
340
5E
371
-1
372
-1
1001
AcadAnnotative
1000
AnnotativeData
1002
{
1070
1
1070
1
1002
}
  0
ENDTAB
  0
TABLE
  2
BLOCK_RECORD
  5
9
330
0
100
AcDbSymbolTable
 70
19
  0
BLOCK_RECORD
  5
17
102
{ACAD_XDICTIONARY
360
2CD
102
}
330
9
100
AcDbSymbolTableRecord
100
AcDbBlockTableRecord
  2
*Model_Space
340
1A
 70
0
280
1
281
0
  0
BLOCK_RECORD
  5
1B
330
9
100
AcDbSymbolTableRecord
100
AcDbBlockTableRecord
  2
*Paper_Space
340
1E
 70
0
280
1
281
0
  0
BLOCK_RECORD
  5
61
330
9
100
AcDbSymbolTableRecord
100
AcDbBlockTableRecord
  2
_OBLIQUE
340
0
 70
0
280
1
281
0
  0
BLOCK_RECORD
  5
65
330
9
100
AcDbSymbolTableRecord
100
AcDbBlockTableRecord
  2
_DOT
340
0
 70
0
280
1
281
0
  0
BLOCK_RECORD
  5
6B
330
9
100
AcDbSymbolTableRecord
100
AcDbBlockTableRecord
  2
_CLOSEDFILLED
340
0
 70
0
280
1
281
0
  0
BLOCK_RECORD
  5
71
330
9
100
AcDbSymbolTableRecord
100
AcDbBlockTableRecord
  2
GLOBO
340
0
 70
0
280
1
281
0
  0
BLOCK_RECORD
  5
76
330
9
100
AcDbSymbolTableRecord
100
AcDbBlockTableRecord
  2
NIVEL-CORTE
340
0
 70
0
280
1
281
0
1001
AcadAnnotative
1000
AnnotativeData
1002
{
1070
1
1070
1
1002
}
  0
BLOCK_RECORD
  5
7D
330
9
100
AcDbSymbolTableRecord
100
AcDbBlockTableRecord
  2
NIVEL-CORTE-IZQ
340
0
 70
0
280
1
281
0
1001
AcadAnnotative
1000
AnnotativeData
1002
{
1070
1
1070
1
1002
}
  0
BLOCK_RECORD
  5
84
330
9
100
AcDbSymbolTableRecord
100
AcDbBlockTableRecord
  2
NIVEL-PLANTA
340
0
 70
0
280
1
281
0
1001
AcadAnnotative
1000
AnnotativeData
1002
{
1070
1
1070
1
1002
}
  0
BLOCK_RECORD
  5
8D
330
9
100
AcDbSymbolTableRecord
100
AcDbBlockTableRecord
  2
CORTE
340
0
 70
0
280
1
281
0
1001
AcadAnnotative
1000
AnnotativeData
1002
{
1070
1
1070
1
1002
}
  0
BLOCK_RECORD
  5
95
330
9
100
AcDbSymbolTableRecord
100
AcDbBlockTableRecord
  2
LLAMADA-DETALLE
340
0
 70
0
280
1
281
0
1001
AcadAnnotative
1000
AnnotativeData
1002
{
1070
1
1070
1
1002
}
  0
BLOCK_RECORD
  5
9C
330
9
100
AcDbSymbolTableRecord
100
AcDbBlockTableRecord
  2
TITULO-VISTA
340
0
 70
0
280
1
281
0
1001
AcadAnnotative
1000
AnnotativeData
1002
{
1070
1
1070
1
1002
}
  0
BLOCK_RECORD
  5
A3
330
9
100
AcDbSymbolTableRecord
100
AcDbBlockTableRecord
  2
NORTE
340
0
 70
0
280
1
281
0
1001
AcadAnnotative
1000
AnnotativeData
1002
{
1070
1
1070
1
1002
}
  0
BLOCK_RECORD
  5
AA
330
9
100
AcDbSymbolTableRecord
100
AcDbBlockTableRecord
  2
EJE
340
0
 70
0
280
1
281
0
1001
AcadAnnotative
1000
AnnotativeData
1002
{
1070
1
1070
1
1002
}
  0
BLOCK_RECORD
  5
AF
330
9
100
AcDbSymbolTableRecord
100
AcDbBlockTableRecord
  2
FLUJO
340
0
 70
0
280
1
281
0
1001
AcadAnnotative
1000
AnnotativeData
1002
{
1070
1
1070
1
1002
}
  0
BLOCK_RECORD
  5
B4
330
9
100
AcDbSymbolTableRecord
100
AcDbBlockTableRecord
  2
PASO-RECORRIDO
340
0
 70
0
280
1
281
0
1001
AcadAnnotative
1000
AnnotativeData
1002
{
1070
1
1070
1
1002
}
  0
BLOCK_RECORD
  5
BB
330
9
100
AcDbSymbolTableRecord
100
AcDbBlockTableRecord
  2
ROTULO-A3
340
0
 70
0
280
1
281
0
  0
BLOCK_RECORD
  5
102
330
9
100
AcDbSymbolTableRecord
100
AcDbBlockTableRecord
  2
LISTA-MATERIALES
340
0
 70
0
280
1
281
0
  0
BLOCK_RECORD
  5
116
330
9
100
AcDbSymbolTableRecord
100
AcDbBlockTableRecord
  2
LM-FILA
340
0
 70
0
280
1
281
0
  0
ENDTAB
  0
ENDSEC
  0
SECTION
  2
BLOCKS
  0
BLOCK
  5
18
330
17
100
AcDbEntity
  8
0
100
AcDbBlockBegin
  2
*Model_Space
 70
0
 10
0.0
 20
0.0
 30
0.0
  3
*Model_Space
  1

  0
ENDBLK
  5
19
330
17
100
AcDbEntity
  8
0
100
AcDbBlockEnd
  0
BLOCK
  5
1C
330
1B
100
AcDbEntity
  8
0
100
AcDbBlockBegin
  2
*Paper_Space
 70
0
 10
0.0
 20
0.0
 30
0.0
  3
*Paper_Space
  1

  0
ENDBLK
  5
1D
330
1B
100
AcDbEntity
  8
0
100
AcDbBlockEnd
  0
BLOCK
  5
62
330
61
100
AcDbEntity
  8
0
100
AcDbBlockBegin
  2
_OBLIQUE
 70
0
 10
0.0
 20
0.0
 30
0.0
  3
_OBLIQUE
  1

  0
LINE
  5
64
330
61
100
AcDbEntity
  8
0
  6
BYBLOCK
 62
0
100
AcDbLine
 10
-0.5
 20
-0.5
 30
0.0
 11
0.5
 21
0.5
 31
0.0
  0
ENDBLK
  5
63
330
61
100
AcDbEntity
  8
0
100
AcDbBlockEnd
  0
BLOCK
  5
66
330
65
100
AcDbEntity
  8
0
100
AcDbBlockBegin
  2
_DOT
 70
0
 10
0.0
 20
0.0
 30
0.0
  3
_DOT
  1

  0
LINE
  5
68
330
65
100
AcDbEntity
  8
0
  6
BYBLOCK
 62
0
100
AcDbLine
 10
-0.5
 20
0.0
 30
0.0
 11
-1.0
 21
0.0
 31
0.0
  0
LWPOLYLINE
  5
69
330
65
100
AcDbEntity
  8
0
  6
BYBLOCK
 62
0
100
AcDbPolyline
 90
2
 70
1
 43
0.5
 10
-0.25
 20
0.0
 42
1.0
 10
0.25
 20
0.0
 42
1.0
  0
ENDBLK
  5
67
330
65
100
AcDbEntity
  8
0
100
AcDbBlockEnd
  0
BLOCK
  5
6C
330
6B
100
AcDbEntity
  8
0
100
AcDbBlockBegin
  2
_CLOSEDFILLED
 70
0
 10
0.0
 20
0.0
 30
0.0
  3
_CLOSEDFILLED
  1

  0
SOLID
  5
6E
330
6B
100
AcDbEntity
  8
0
  6
BYBLOCK
 62
0
100
AcDbTrace
 10
-1.0
 20
0.16439898372402537
 30
0.0
 11
0.0
 21
0.0
 31
0.0
 12
-1.0
 22
-0.16439898372402537
 32
0.0
 13
-1.0
 23
-0.16439898372402537
 33
0.0
  0
ENDBLK
  5
6D
330
6B
100
AcDbEntity
  8
0
100
AcDbBlockEnd
  0
BLOCK
  5
72
330
71
100
AcDbEntity
  8
0
100
AcDbBlockBegin
  2
GLOBO
 70
2
 10
0.0
 20
0.0
 30
0.0
  3
GLOBO
  1

  0
CIRCLE
  5
74
330
71
100
AcDbEntity
  8
0
 62
0
100
AcDbCircle
 10
0.0
 20
0.0
 30
0.0
 40
3.0
  0
ATTDEF
  5
75
330
71
100
AcDbEntity
  8
0
 62
0
100
AcDbText
 10
0.0
 20
0.0
 30
0.0
 40
2.5
  1
1
  7
IRAM-N
 72
1
 11
0.0
 21
0.0
 31
0.0
100
AcDbAttributeDefinition
  3
Número de globo
  2
N
 70
0
 74
2
 71
1
 72
0
 11
0.0
 21
0.0
 31
0.0
  0
ENDBLK
  5
73
330
71
100
AcDbEntity
  8
0
100
AcDbBlockEnd
  0
BLOCK
  5
77
330
76
100
AcDbEntity
  8
0
100
AcDbBlockBegin
  2
NIVEL-CORTE
 70
2
 10
0.0
 20
0.0
 30
0.0
  3
NIVEL-CORTE
  1

  0
LWPOLYLINE
  5
79
330
76
100
AcDbEntity
  8
0
 62
0
100
AcDbPolyline
 90
3
 70
1
 10
0.0
 20
0.0
 10
-1.5
 20
2.598076211353316
 10
1.5
 20
2.598076211353316
  0
LINE
  5
7A
330
76
100
AcDbEntity
  8
0
 62
0
100
AcDbLine
 10
-1.5
 20
2.598076211353316
 30
0.0
 11
13.5
 21
2.598076211353316
 31
0.0
  0
ATTDEF
  5
7B
330
76
100
AcDbEntity
  8
0
 62
0
100
AcDbText
 10
-1.5
 20
3.398076211353316
 30
0.0
 40
2.5
  1
+0,00
  7
IRAM-N
 11
-1.5
 21
3.398076211353316
 31
0.0
100
AcDbAttributeDefinition
  3
Cota con signo (+3,90)
  2
COTA
 70
0
 74
1
 71
1
 72
0
 11
-1.5
 21
3.398076211353316
 31
0.0
  0
ATTDEF
  5
7C
330
76
100
AcDbEntity
  8
0
 62
0
100
AcDbText
 10
14.5
 20
2.598076211353316
 30
0.0
 40
2.5
  1

  7
IRAM-N
 11
14.5
 21
2.598076211353316
 31
0.0
100
AcDbAttributeDefinition
  3
Descripción del nivel
  2
DESC
 70
0
 74
2
 71
1
 72
0
 11
14.5
 21
2.598076211353316
 31
0.0
  0
ENDBLK
  5
78
330
76
100
AcDbEntity
  8
0
100
AcDbBlockEnd
  0
BLOCK
  5
7E
330
7D
100
AcDbEntity
  8
0
100
AcDbBlockBegin
  2
NIVEL-CORTE-IZQ
 70
2
 10
0.0
 20
0.0
 30
0.0
  3
NIVEL-CORTE-IZQ
  1

  0
LWPOLYLINE
  5
80
330
7D
100
AcDbEntity
  8
0
 62
0
100
AcDbPolyline
 90
3
 70
1
 10
0.0
 20
0.0
 10
-1.5
 20
2.598076211353316
 10
1.5
 20
2.598076211353316
  0
LINE
  5
81
330
7D
100
AcDbEntity
  8
0
 62
0
100
AcDbLine
 10
1.5
 20
2.598076211353316
 30
0.0
 11
-13.5
 21
2.598076211353316
 31
0.0
  0
ATTDEF
  5
82
330
7D
100
AcDbEntity
  8
0
 62
0
100
AcDbText
 10
1.5
 20
3.398076211353316
 30
0.0
 40
2.5
  1
+0,00
  7
IRAM-N
 72
2
 11
1.5
 21
3.398076211353316
 31
0.0
100
AcDbAttributeDefinition
  3
Cota con signo (+3,90)
  2
COTA
 70
0
 74
1
 71
1
 72
0
 11
1.5
 21
3.398076211353316
 31
0.0
  0
ATTDEF
  5
83
330
7D
100
AcDbEntity
  8
0
 62
0
100
AcDbText
 10
-14.5
 20
2.598076211353316
 30
0.0
 40
2.5
  1

  7
IRAM-N
 72
2
 11
-14.5
 21
2.598076211353316
 31
0.0
100
AcDbAttributeDefinition
  3
Descripción del nivel
  2
DESC
 70
0
 74
2
 71
1
 72
0
 11
-14.5
 21
2.598076211353316
 31
0.0
  0
ENDBLK
  5
7F
330
7D
100
AcDbEntity
  8
0
100
AcDbBlockEnd
  0
BLOCK
  5
85
330
84
100
AcDbEntity
  8
0
100
AcDbBlockBegin
  2
NIVEL-PLANTA
 70
2
 10
0.0
 20
0.0
 30
0.0
  3
NIVEL-PLANTA
  1

  0
CIRCLE
  5
87
330
84
100
AcDbEntity
  8
0
 62
0
100
AcDbCircle
 10
0.0
 20
0.0
 30
0.0
 40
2.0
  0
LINE
  5
88
330
84
100
AcDbEntity
  8
0
 62
0
100
AcDbLine
 10
-2.0
 20
0.0
 30
0.0
 11
2.0
 21
0.0
 31
0.0
  0
LINE
  5
89
330
84
100
AcDbEntity
  8
0
 62
0
100
AcDbLine
 10
0.0
 20
-2.0
 30
0.0
 11
0.0
 21
2.0
 31
0.0
  0
HATCH
  5
8A
330
84
100
AcDbEntity
  8
0
 62
0
100
AcDbHatch
 10
0.0
 20
0.0
 30
0.0
210
0.0
220
0.0
230
1.0
  2
SOLID
 70
1
 71
0
 91
1
 92
3
 72
0
 73
1
 93
11
 10
0.0
 20
0.0
 10
2.0
 20
0.0
 10
1.969615506024416
 20
0.34729635533386066
 10
1.8793852415718169
 20
0.6840402866513374
 10
1.7320508075688774
 20
0.9999999999999999
 10
1.532088886237956
 20
1.2855752193730785
 10
1.2855752193730787
 20
1.532088886237956
 10
1.0000000000000002
 20
1.7320508075688772
 10
0.6840402866513376
 20
1.8793852415718166
 10
0.34729635533386083
 20
1.969615506024416
 10
1.2246467991473532e-16
 20
2.0
 97
0
 75
0
 76
1
 98
0
  0
HATCH
  5
8B
330
84
100
AcDbEntity
  8
0
 62
0
100
AcDbHatch
 10
0.0
 20
0.0
 30
0.0
210
0.0
220
0.0
230
1.0
  2
SOLID
 70
1
 71
0
 91
1
 92
3
 72
0
 73
1
 93
11
 10
0.0
 20
0.0
 10
-2.0
 20
2.4492935982947064e-16
 10
-1.969615506024416
 20
-0.34729635533386094
 10
-1.8793852415718169
 20
-0.6840402866513373
 10
-1.7320508075688772
 20
-1.0000000000000002
 10
-1.532088886237956
 20
-1.2855752193730785
 10
-1.285575219373079
 20
-1.5320888862379558
 10
-1.0000000000000009
 20
-1.7320508075688767
 10
-0.6840402866513371
 20
-1.8793852415718169
 10
-0.34729635533386066
 20
-1.969615506024416
 10
-3.6739403974420594e-16
 20
-2.0
 97
0
 75
0
 76
1
 98
0
  0
ATTDEF
  5
8C
330
84
100
AcDbEntity
  8
0
 62
0
100
AcDbText
 10
3.2
 20
0.0
 30
0.0
 40
2.5
  1
+0,00
  7
IRAM-N
 11
3.2
 21
0.0
 31
0.0
100
AcDbAttributeDefinition
  3
Cota con signo
  2
COTA
 70
0
 74
2
 71
1
 72
0
 11
3.2
 21
0.0
 31
0.0
  0
ENDBLK
  5
86
330
84
100
AcDbEntity
  8
0
100
AcDbBlockEnd
  0
BLOCK
  5
8E
330
8D
100
AcDbEntity
  8
0
100
AcDbBlockBegin
  2
CORTE
 70
2
 10
0.0
 20
0.0
 30
0.0
  3
CORTE
  1

  0
LINE
  5
90
330
8D
100
AcDbEntity
  8
0
 62
0
370
70
100
AcDbLine
 10
0.0
 20
0.0
 30
0.0
 11
8.0
 21
0.0
 31
0.0
  0
LINE
  5
91
330
8D
100
AcDbEntity
  8
0
 62
0
100
AcDbLine
 10
2.0
 20
0.0
 30
0.0
 11
2.0
 21
-6.0
 31
0.0
  0
HATCH
  5
92
330
8D
100
AcDbEntity
  8
0
 62
0
100
AcDbHatch
 10
0.0
 20
0.0
 30
0.0
210
0.0
220
0.0
230
1.0
  2
SOLID
 70
1
 71
0
 91
1
 92
3
 72
0
 73
1
 93
3
 10
2.0
 20
-9.0
 10
0.9
 20
-5.6
 10
3.1
 20
-5.6
 97
0
 75
0
 76
1
 98
0
  0
ATTDEF
  5
93
330
8D
100
AcDbEntity
  8
0
 62
0
100
AcDbText
 10
2.0
 20
-13.5
 30
0.0
 40
5.0
  1
A
  7
IRAM-N
 72
1
 11
2.0
 21
-13.5
 31
0.0
100
AcDbAttributeDefinition
  3
Letra del corte
  2
LETRA
 70
0
 74
2
 71
1
 72
0
 11
2.0
 21
-13.5
 31
0.0
  0
ATTDEF
  5
94
330
8D
100
AcDbEntity
  8
0
 62
0
100
AcDbText
 10
2.0
 20
-19.5
 30
0.0
 40
2.5
  1
CT-02
  7
IRAM-N
 72
1
 11
2.0
 21
-19.5
 31
0.0
100
AcDbAttributeDefinition
  3
Lámina de destino
  2
LAMINA
 70
0
 74
2
 71
1
 72
0
 11
2.0
 21
-19.5
 31
0.0
  0
ENDBLK
  5
8F
330
8D
100
AcDbEntity
  8
0
100
AcDbBlockEnd
  0
BLOCK
  5
96
330
95
100
AcDbEntity
  8
0
100
AcDbBlockBegin
  2
LLAMADA-DETALLE
 70
2
 10
0.0
 20
0.0
 30
0.0
  3
LLAMADA-DETALLE
  1

  0
CIRCLE
  5
98
330
95
100
AcDbEntity
  8
0
 62
0
100
AcDbCircle
 10
0.0
 20
0.0
 30
0.0
 40
8.0
  0
LINE
  5
99
330
95
100
AcDbEntity
  8
0
 62
0
100
AcDbLine
 10
-8.0
 20
0.0
 30
0.0
 11
8.0
 21
0.0
 31
0.0
  0
ATTDEF
  5
9A
330
95
100
AcDbEntity
  8
0
 62
0
100
AcDbText
 10
0.0
 20
3.6
 30
0.0
 40
3.5
  1
D5
  7
IRAM-N
 72
1
 11
0.0
 21
3.6
 31
0.0
100
AcDbAttributeDefinition
  3
Número de detalle
  2
DETALLE
 70
0
 74
2
 71
1
 72
0
 11
0.0
 21
3.6
 31
0.0
  0
ATTDEF
  5
9B
330
95
100
AcDbEntity
  8
0
 62
0
100
AcDbText
 10
0.0
 20
-3.4
 30
0.0
 40
2.5
  1
DET-05
  7
IRAM-N
 72
1
 11
0.0
 21
-3.4
 31
0.0
100
AcDbAttributeDefinition
  3
Lámina
  2
LAMINA
 70
0
 74
2
 71
1
 72
0
 11
0.0
 21
-3.4
 31
0.0
  0
ENDBLK
  5
97
330
95
100
AcDbEntity
  8
0
100
AcDbBlockEnd
  0
BLOCK
  5
9D
330
9C
100
AcDbEntity
  8
0
100
AcDbBlockBegin
  2
TITULO-VISTA
 70
2
 10
0.0
 20
0.0
 30
0.0
  3
TITULO-VISTA
  1

  0
ATTDEF
  5
9F
330
9C
100
AcDbEntity
  8
0
 62
0
100
AcDbText
 10
0.0
 20
0.0
 30
0.0
 40
3.5
  1
A
  7
IRAM-NEGRITA
 11
0.0
 21
0.0
 31
0.0
100
AcDbAttributeDefinition
  3
Letra de la vista
  2
LETRA
 70
0
 71
1
 72
0
 11
0.0
 21
0.0
 31
0.0
  0
TEXT
  5
A0
330
9C
100
AcDbEntity
  8
0
 62
0
100
AcDbText
 10
4.5
 20
0.0
 30
0.0
 40
3.5
  1
—
  7
IRAM-NEGRITA
 11
4.5
 21
0.0
 31
0.0
100
AcDbText
  0
ATTDEF
  5
A1
330
9C
100
AcDbEntity
  8
0
 62
0
100
AcDbText
 10
10.5
 20
0.0
 30
0.0
 40
3.5
  1
TÍTULO DE LA VISTA
  7
IRAM-NEGRITA
 11
10.5
 21
0.0
 31
0.0
100
AcDbAttributeDefinition
  3
Título de la vista
  2
TITULO
 70
0
 71
1
 72
0
 11
10.5
 21
0.0
 31
0.0
  0
ATTDEF
  5
A2
330
9C
100
AcDbEntity
  8
0
 62
0
100
AcDbText
 10
90.0
 20
0.0
 30
0.0
 40
3.5
  1
Esc. 1:10
  7
IRAM-N
 11
90.0
 21
0.0
 31
0.0
100
AcDbAttributeDefinition
  3
Escala
  2
ESCALA
 70
0
 71
1
 72
0
 11
90.0
 21
0.0
 31
0.0
  0
ENDBLK
  5
9E
330
9C
100
AcDbEntity
  8
0
100
AcDbBlockEnd
  0
BLOCK
  5
A4
330
A3
100
AcDbEntity
  8
0
100
AcDbBlockBegin
  2
NORTE
 70
2
 10
0.0
 20
0.0
 30
0.0
  3
NORTE
  1

  0
CIRCLE
  5
A6
330
A3
100
AcDbEntity
  8
0
 62
0
100
AcDbCircle
 10
0.0
 20
0.0
 30
0.0
 40
6.0
  0
LWPOLYLINE
  5
A7
330
A3
100
AcDbEntity
  8
0
 62
0
100
AcDbPolyline
 90
4
 70
1
 10
0.0
 20
6.0
 10
-2.6
 20
-4.5
 10
0.0
 20
-2.8
 10
2.6
 20
-4.5
  0
HATCH
  5
A8
330
A3
100
AcDbEntity
  8
0
 62
0
100
AcDbHatch
 10
0.0
 20
0.0
 30
0.0
210
0.0
220
0.0
230
1.0
  2
SOLID
 70
1
 71
0
 91
1
 92
3
 72
0
 73
1
 93
3
 10
0.0
 20
6.0
 10
0.0
 20
-2.8
 10
2.6
 20
-4.5
 97
0
 75
0
 76
1
 98
0
  0
ATTDEF
  5
A9
330
A3
100
AcDbEntity
  8
0
 62
0
100
AcDbText
 10
0.0
 20
9.5
 30
0.0
 40
5.0
  1
N
  7
IRAM-N
 72
1
 11
0.0
 21
9.5
 31
0.0
100
AcDbAttributeDefinition
  3
Letra norte
  2
N
 70
0
 74
2
 71
1
 72
0
 11
0.0
 21
9.5
 31
0.0
  0
ENDBLK
  5
A5
330
A3
100
AcDbEntity
  8
0
100
AcDbBlockEnd
  0
BLOCK
  5
AB
330
AA
100
AcDbEntity
  8
0
100
AcDbBlockBegin
  2
EJE
 70
2
 10
0.0
 20
0.0
 30
0.0
  3
EJE
  1

  0
CIRCLE
  5
AD
330
AA
100
AcDbEntity
  8
0
 62
0
100
AcDbCircle
 10
0.0
 20
0.0
 30
0.0
 40
4.0
  0
ATTDEF
  5
AE
330
AA
100
AcDbEntity
  8
0
 62
0
100
AcDbText
 10
0.0
 20
0.0
 30
0.0
 40
3.5
  1
L1
  7
IRAM-N
 72
1
 11
0.0
 21
0.0
 31
0.0
100
AcDbAttributeDefinition
  3
Designación del eje
  2
EJE
 70
0
 74
2
 71
1
 72
0
 11
0.0
 21
0.0
 31
0.0
  0
ENDBLK
  5
AC
330
AA
100
AcDbEntity
  8
0
100
AcDbBlockEnd
  0
BLOCK
  5
B0
330
AF
100
AcDbEntity
  8
0
100
AcDbBlockBegin
  2
FLUJO
 70
0
 10
0.0
 20
0.0
 30
0.0
  3
FLUJO
  1

  0
LINE
  5
B2
330
AF
100
AcDbEntity
  8
0
 62
10
370
35
100
AcDbLine
 10
0.0
 20
0.0
 30
0.0
 11
7.0
 21
0.0
 31
0.0
  0
HATCH
  5
B3
330
AF
100
AcDbEntity
  8
0
 62
10
100
AcDbHatch
 10
0.0
 20
0.0
 30
0.0
210
0.0
220
0.0
230
1.0
  2
SOLID
 70
1
 71
0
 91
1
 92
3
 72
0
 73
1
 93
3
 10
10.0
 20
0.0
 10
7.0
 20
1.1
 10
7.0
 20
-1.1
 97
0
 75
0
 76
1
 98
0
  0
ENDBLK
  5
B1
330
AF
100
AcDbEntity
  8
0
100
AcDbBlockEnd
  0
BLOCK
  5
B5
330
B4
100
AcDbEntity
  8
0
100
AcDbBlockBegin
  2
PASO-RECORRIDO
 70
2
 10
0.0
 20
0.0
 30
0.0
  3
PASO-RECORRIDO
  1

  0
CIRCLE
  5
B7
330
B4
100
AcDbEntity
  8
0
 62
10
370
35
100
AcDbCircle
 10
0.0
 20
0.0
 30
0.0
 40
3.0
  0
ATTDEF
  5
B8
330
B4
100
AcDbEntity
  8
0
 62
10
100
AcDbText
 10
0.0
 20
0.0
 30
0.0
 40
2.5
  1
1
  7
IRAM-NEGRITA
 72
1
 11
0.0
 21
0.0
 31
0.0
100
AcDbAttributeDefinition
  3
Paso del recorrido
  2
N
 70
0
 74
2
 71
1
 72
0
 11
0.0
 21
0.0
 31
0.0
  0
ENDBLK
  5
B6
330
B4
100
AcDbEntity
  8
0
100
AcDbBlockEnd
  0
BLOCK
  5
BC
330
BB
100
AcDbEntity
  8
0
100
AcDbBlockBegin
  2
ROTULO-A3
 70
2
 10
0.0
 20
0.0
 30
0.0
  3
ROTULO-A3
  1

  0
LWPOLYLINE
  5
BE
330
BB
100
AcDbEntity
  8
0
 62
0
370
70
100
AcDbPolyline
 90
4
 70
1
 10
-175.0
 20
0.0
 10
0.0
 20
0.0
 10
0.0
 20
89.5
 10
-175.0
 20
89.5
  0
LINE
  5
BF
330
BB
100
AcDbEntity
  8
0
 62
0
100
AcDbLine
 10
-175.0
 20
15.0
 30
0.0
 11
-30.0
 21
15.0
 31
0.0
  0
LINE
  5
C0
330
BB
100
AcDbEntity
  8
0
 62
0
100
AcDbLine
 10
-175.0
 20
24.5
 30
0.0
 11
0.0
 21
24.5
 31
0.0
  0
LINE
  5
C1
330
BB
100
AcDbEntity
  8
0
 62
0
100
AcDbLine
 10
-175.0
 20
34.0
 30
0.0
 11
0.0
 21
34.0
 31
0.0
  0
LINE
  5
C2
330
BB
100
AcDbEntity
  8
0
 62
0
100
AcDbLine
 10
-175.0
 20
43.5
 30
0.0
 11
0.0
 21
43.5
 31
0.0
  0
LINE
  5
C3
330
BB
100
AcDbEntity
  8
0
 62
0
100
AcDbLine
 10
-175.0
 20
67.5
 30
0.0
 11
0.0
 21
67.5
 31
0.0
  0
LINE
  5
C4
330
BB
100
AcDbEntity
  8
0
 62
0
100
AcDbLine
 10
-175.0
 20
77.5
 30
0.0
 11
0.0
 21
77.5
 31
0.0
  0
LINE
  5
C5
330
BB
100
AcDbEntity
  8
0
 62
0
100
AcDbLine
 10
-175.0
 20
83.5
 30
0.0
 11
0.0
 21
83.5
 31
0.0
  0
LINE
  5
C6
330
BB
100
AcDbEntity
  8
0
 62
0
100
AcDbLine
 10
-133.0
 20
0.0
 30
0.0
 11
-133.0
 21
15.0
 31
0.0
  0
LINE
  5
C7
330
BB
100
AcDbEntity
  8
0
 62
0
100
AcDbLine
 10
-107.0
 20
0.0
 30
0.0
 11
-107.0
 21
15.0
 31
0.0
  0
LINE
  5
C8
330
BB
100
AcDbEntity
  8
0
 62
0
100
AcDbLine
 10
-91.0
 20
0.0
 30
0.0
 11
-91.0
 21
15.0
 31
0.0
  0
LINE
  5
C9
330
BB
100
AcDbEntity
  8
0
 62
0
100
AcDbLine
 10
-30.0
 20
0.0
 30
0.0
 11
-30.0
 21
15.0
 31
0.0
  0
LINE
  5
CA
330
BB
100
AcDbEntity
  8
0
 62
0
100
AcDbLine
 10
-90.0
 20
15.0
 30
0.0
 11
-90.0
 21
24.5
 31
0.0
  0
LINE
  5
CB
330
BB
100
AcDbEntity
  8
0
 62
0
100
AcDbLine
 10
-60.0
 20
15.0
 30
0.0
 11
-60.0
 21
24.5
 31
0.0
  0
LINE
  5
CC
330
BB
100
AcDbEntity
  8
0
 62
0
100
AcDbLine
 10
-30.0
 20
15.0
 30
0.0
 11
-30.0
 21
24.5
 31
0.0
  0
LINE
  5
CD
330
BB
100
AcDbEntity
  8
0
 62
0
100
AcDbLine
 10
-121.0
 20
24.5
 30
0.0
 11
-121.0
 21
34.0
 31
0.0
  0
LINE
  5
CE
330
BB
100
AcDbEntity
  8
0
 62
0
100
AcDbLine
 10
-81.0
 20
24.5
 30
0.0
 11
-81.0
 21
34.0
 31
0.0
  0
LINE
  5
CF
330
BB
100
AcDbEntity
  8
0
 62
0
100
AcDbLine
 10
-33.0
 20
24.5
 30
0.0
 11
-33.0
 21
34.0
 31
0.0
  0
LINE
  5
D0
330
BB
100
AcDbEntity
  8
0
 62
0
100
AcDbLine
 10
-58.0
 20
34.0
 30
0.0
 11
-58.0
 21
43.5
 31
0.0
  0
LINE
  5
D1
330
BB
100
AcDbEntity
  8
0
 62
0
100
AcDbLine
 10
-160.0
 20
77.5
 30
0.0
 11
-160.0
 21
89.5
 31
0.0
  0
LINE
  5
D2
330
BB
100
AcDbEntity
  8
0
 62
0
100
AcDbLine
 10
-132.0
 20
77.5
 30
0.0
 11
-132.0
 21
89.5
 31
0.0
  0
LINE
  5
D3
330
BB
100
AcDbEntity
  8
0
 62
0
100
AcDbLine
 10
-45.0
 20
77.5
 30
0.0
 11
-45.0
 21
89.5
 31
0.0
  0
TEXT
  5
D4
330
BB
100
AcDbEntity
  8
0
 62
0
100
AcDbText
 10
-174.0
 20
13.8
 30
0.0
 40
2.5
  1
CÓDIGO
  7
IRAM-N
 11
-174.0
 21
13.8
 31
0.0
100
AcDbText
 73
3
  0
ATTDEF
  5
D5
330
BB
100
AcDbEntity
  8
0
 62
0
100
AcDbText
 10
-154.0
 20
1.5
 30
0.0
 40
7.0
  1
PL-00
  7
IRAM-N
 72
1
 11
-154.0
 21
1.5
 31
0.0
100
AcDbAttributeDefinition
  3
CODIGO
  2
CODIGO
 70
0
 74
1
 71
1
 72
0
 11
-154.0
 21
1.5
 31
0.0
  0
TEXT
  5
D6
330
BB
100
AcDbEntity
  8
0
 62
0
100
AcDbText
 10
-132.0
 20
13.8
 30
0.0
 40
2.5
  1
LÁMINA
  7
IRAM-N
 11
-132.0
 21
13.8
 31
0.0
100
AcDbText
 73
3
  0
ATTDEF
  5
D7
330
BB
100
AcDbEntity
  8
0
 62
0
100
AcDbText
 10
-120.0
 20
1.5
 30
0.0
 40
3.5
  1
1 de 14
  7
IRAM-N
 72
1
 11
-120.0
 21
1.5
 31
0.0
100
AcDbAttributeDefinition
  3
LAMINA
  2
LAMINA
 70
0
 74
1
 71
1
 72
0
 11
-120.0
 21
1.5
 31
0.0
  0
TEXT
  5
D8
330
BB
100
AcDbEntity
  8
0
 62
0
100
AcDbText
 10
-106.0
 20
13.8
 30
0.0
 40
2.5
  1
REV.
  7
IRAM-N
 11
-106.0
 21
13.8
 31
0.0
100
AcDbText
 73
3
  0
ATTDEF
  5
D9
330
BB
100
AcDbEntity
  8
0
 62
0
100
AcDbText
 10
-99.0
 20
1.5
 30
0.0
 40
3.5
  1
E
  7
IRAM-N
 72
1
 11
-99.0
 21
1.5
 31
0.0
100
AcDbAttributeDefinition
  3
REV
  2
REV
 70
0
 74
1
 71
1
 72
0
 11
-99.0
 21
1.5
 31
0.0
  0
TEXT
  5
DA
330
BB
100
AcDbEntity
  8
0
 62
0
100
AcDbText
 10
-90.0
 20
13.8
 30
0.0
 40
2.5
  1
UNIDAD
  7
IRAM-N
 11
-90.0
 21
13.8
 31
0.0
100
AcDbText
 73
3
  0
ATTDEF
  5
DB
330
BB
100
AcDbEntity
  8
0
 62
0
100
AcDbText
 10
-90.0
 20
5.2
 30
0.0
 40
2.5
  1
m / mm
  7
IRAM-N
 11
-90.0
 21
5.2
 31
0.0
100
AcDbAttributeDefinition
  3
UNIDAD
  2
UNIDAD
 70
0
 74
1
 71
1
 72
0
 11
-90.0
 21
5.2
 31
0.0
  0
ATTDEF
  5
DC
330
BB
100
AcDbEntity
  8
0
 62
0
100
AcDbText
 10
-90.0
 20
1.2
 30
0.0
 40
2.5
  1
cotas en m salvo indicación
  7
IRAM-N
 11
-90.0
 21
1.2
 31
0.0
100
AcDbAttributeDefinition
  3
UNIDAD_NOTA
  2
UNIDAD_NOTA
 70
0
 74
1
 71
1
 72
0
 11
-90.0
 21
1.2
 31
0.0
  0
TEXT
  5
DD
330
BB
100
AcDbEntity
  8
0
 62
0
100
AcDbText
 10
-174.0
 20
23.3
 30
0.0
 40
2.5
  1
ESCALA(S)
  7
IRAM-N
 11
-174.0
 21
23.3
 31
0.0
100
AcDbText
 73
3
  0
ATTDEF
  5
DE
330
BB
100
AcDbEntity
  8
0
 62
0
100
AcDbText
 10
-174.0
 20
16.2
 30
0.0
 40
2.5
  1
—
  7
IRAM-N
 11
-174.0
 21
16.2
 31
0.0
100
AcDbAttributeDefinition
  3
ESCALA
  2
ESCALA
 70
0
 74
1
 71
1
 72
0
 11
-174.0
 21
16.2
 31
0.0
  0
TEXT
  5
DF
330
BB
100
AcDbEntity
  8
0
 62
0
100
AcDbText
 10
-89.0
 20
23.3
 30
0.0
 40
2.5
  1
FECHA
  7
IRAM-N
 11
-89.0
 21
23.3
 31
0.0
100
AcDbText
 73
3
  0
ATTDEF
  5
E0
330
BB
100
AcDbEntity
  8
0
 62
0
100
AcDbText
 10
-89.0
 20
16.2
 30
0.0
 40
2.5
  1
03/10/2026
  7
IRAM-N
 11
-89.0
 21
16.2
 31
0.0
100
AcDbAttributeDefinition
  3
FECHA
  2
FECHA
 70
0
 74
1
 71
1
 72
0
 11
-89.0
 21
16.2
 31
0.0
  0
TEXT
  5
E1
330
BB
100
AcDbEntity
  8
0
 62
0
100
AcDbText
 10
-59.0
 20
23.3
 30
0.0
 40
2.5
  1
IMPRESIÓN
  7
IRAM-N
 11
-59.0
 21
23.3
 31
0.0
100
AcDbText
 73
3
  0
ATTDEF
  5
E2
330
BB
100
AcDbEntity
  8
0
 62
0
100
AcDbText
 10
-59.0
 20
16.2
 30
0.0
 40
2.5
  1
--/--/----
  7
IRAM-N
 11
-59.0
 21
16.2
 31
0.0
100
AcDbAttributeDefinition
  3
IMPRESION
  2
IMPRESION
 70
0
 74
1
 71
1
 72
0
 11
-59.0
 21
16.2
 31
0.0
  0
TEXT
  5
E3
330
BB
100
AcDbEntity
  8
0
 62
0
100
AcDbText
 10
-174.0
 20
32.8
 30
0.0
 40
2.5
  1
DIBUJÓ
  7
IRAM-N
 11
-174.0
 21
32.8
 31
0.0
100
AcDbText
 73
3
  0
ATTDEF
  5
E4
330
BB
100
AcDbEntity
  8
0
 62
0
100
AcDbText
 10
-174.0
 20
25.7
 30
0.0
 40
2.5
  1
Gabriel Planckensteiner
  7
IRAM-N
 11
-174.0
 21
25.7
 31
0.0
100
AcDbAttributeDefinition
  3
DIBUJO
  2
DIBUJO
 70
0
 74
1
 71
1
 72
0
 11
-174.0
 21
25.7
 31
0.0
  0
TEXT
  5
E5
330
BB
100
AcDbEntity
  8
0
 62
0
100
AcDbText
 10
-120.0
 20
32.8
 30
0.0
 40
2.5
  1
VERIFICÓ
  7
IRAM-N
 11
-120.0
 21
32.8
 31
0.0
100
AcDbText
 73
3
  0
ATTDEF
  5
E6
330
BB
100
AcDbEntity
  8
0
 62
0
100
AcDbText
 10
-120.0
 20
25.7
 30
0.0
 40
2.5
  1
Ing. R. Bonaiuti
  7
IRAM-N
 11
-120.0
 21
25.7
 31
0.0
100
AcDbAttributeDefinition
  3
VERIFICO
  2
VERIFICO
 70
0
 74
1
 71
1
 72
0
 11
-120.0
 21
25.7
 31
0.0
  0
TEXT
  5
E7
330
BB
100
AcDbEntity
  8
0
 62
0
100
AcDbText
 10
-80.0
 20
32.8
 30
0.0
 40
2.5
  1
TUTOR EXTERNO
  7
IRAM-N
 11
-80.0
 21
32.8
 31
0.0
100
AcDbText
 73
3
  0
ATTDEF
  5
E8
330
BB
100
AcDbEntity
  8
0
 62
0
100
AcDbText
 10
-80.0
 20
25.7
 30
0.0
 40
2.5
  1
C. D. Solera (AGD)
  7
IRAM-N
 11
-80.0
 21
25.7
 31
0.0
100
AcDbAttributeDefinition
  3
TUTOR
  2
TUTOR
 70
0
 74
1
 71
1
 72
0
 11
-80.0
 21
25.7
 31
0.0
  0
TEXT
  5
E9
330
BB
100
AcDbEntity
  8
0
 62
0
100
AcDbText
 10
-32.0
 20
32.8
 30
0.0
 40
2.5
  1
N.º PROYECTO
  7
IRAM-N
 11
-32.0
 21
32.8
 31
0.0
100
AcDbText
 73
3
  0
ATTDEF
  5
EA
330
BB
100
AcDbEntity
  8
0
 62
0
100
AcDbText
 10
-32.0
 20
25.7
 30
0.0
 40
2.5
  1
VJN001
  7
IRAM-N
 11
-32.0
 21
25.7
 31
0.0
100
AcDbAttributeDefinition
  3
NPROYECTO
  2
NPROYECTO
 70
0
 74
1
 71
1
 72
0
 11
-32.0
 21
25.7
 31
0.0
  0
TEXT
  5
EB
330
BB
100
AcDbEntity
  8
0
 62
0
100
AcDbText
 10
-174.0
 20
42.3
 30
0.0
 40
2.5
  1
INTEGRANTES
  7
IRAM-N
 11
-174.0
 21
42.3
 31
0.0
100
AcDbText
 73
3
  0
ATTDEF
  5
EC
330
BB
100
AcDbEntity
  8
0
 62
0
100
AcDbText
 10
-174.0
 20
35.2
 30
0.0
 40
2.5
  1
Fernández · Planckensteiner · Quiroga Palacio · Solera
  7
IRAM-N
 11
-174.0
 21
35.2
 31
0.0
100
AcDbAttributeDefinition
  3
INTEGRANTES
  2
INTEGRANTES
 70
0
 74
1
 71
1
 72
0
 11
-174.0
 21
35.2
 31
0.0
  0
TEXT
  5
ED
330
BB
100
AcDbEntity
  8
0
 62
0
100
AcDbText
 10
-57.0
 20
42.3
 30
0.0
 40
2.5
  1
ARCHIVO
  7
IRAM-N
 11
-57.0
 21
42.3
 31
0.0
100
AcDbText
 73
3
  0
ATTDEF
  5
EE
330
BB
100
AcDbEntity
  8
0
 62
0
100
AcDbText
 10
-57.0
 20
35.2
 30
0.0
 40
2.5
  1
PLANOS_AGD-2026.dwg
  7
IRAM-N
 11
-57.0
 21
35.2
 31
0.0
100
AcDbAttributeDefinition
  3
ARCHIVO
  2
ARCHIVO
 70
0
 74
1
 71
1
 72
0
 11
-57.0
 21
35.2
 31
0.0
  0
TEXT
  5
EF
330
BB
100
AcDbEntity
  8
0
 62
0
100
AcDbText
 10
-29.0
 20
23.3
 30
0.0
 40
2.5
  1
MÉTODO ISO E
  7
IRAM-N
 11
-29.0
 21
23.3
 31
0.0
100
AcDbText
 73
3
  0
LWPOLYLINE
  5
F0
330
BB
100
AcDbEntity
  8
0
 62
0
100
AcDbPolyline
 90
4
 70
1
 10
-26.5
 20
7.5
 10
-18.5
 20
5.5
 10
-18.5
 20
13.5
 10
-26.5
 20
11.5
  0
CIRCLE
  5
F1
330
BB
100
AcDbEntity
  8
0
 62
0
100
AcDbCircle
 10
-9.5
 20
9.5
 30
0.0
 40
4.0
  0
CIRCLE
  5
F2
330
BB
100
AcDbEntity
  8
0
 62
0
100
AcDbCircle
 10
-9.5
 20
9.5
 30
0.0
 40
2.0
  0
LINE
  5
F3
330
BB
100
AcDbEntity
  8
0
  6
ACAD_ISO04W100
 62
0
370
18
 48
0.15
100
AcDbLine
 10
-28.0
 20
9.5
 30
0.0
 11
-17.0
 21
9.5
 31
0.0
  0
LINE
  5
F4
330
BB
100
AcDbEntity
  8
0
  6
ACAD_ISO04W100
 62
0
370
18
 48
0.15
100
AcDbLine
 10
-15.0
 20
9.5
 30
0.0
 11
-4.0
 21
9.5
 31
0.0
  0
LINE
  5
F5
330
BB
100
AcDbEntity
  8
0
  6
ACAD_ISO04W100
 62
0
370
18
 48
0.15
100
AcDbLine
 10
-9.5
 20
4.0
 30
0.0
 11
-9.5
 21
15.0
 31
0.0
  0
ATTDEF
  5
F6
330
BB
100
AcDbEntity
  8
0
 62
0
100
AcDbText
 10
-173.0
 20
66.0
 30
0.0
 40
5.0
  1
Título de la lámina
  7
IRAM-NEGRITA
 11
-173.0
 21
66.0
 31
0.0
100
AcDbAttributeDefinition
  3
TITULO
  2
TITULO
 70
0
 74
3
 71
4
 72
0
 11
-173.0
 21
66.0
 31
0.0
101
Embedded Object
 10
-173.0
 20
66.0
 30
0.0
 40
5.0
 41
171.0
 46
0.0
 71
1
 72
5
  1
Título de la lámina
  7
IRAM-NEGRITA
  0
ATTDEF
  5
F7
330
BB
100
AcDbEntity
  8
0
 62
0
100
AcDbText
 10
-173.0
 20
44.8
 30
0.0
 40
2.5
  1
Subtítulo
  7
IRAM-N
 11
-173.0
 21
44.8
 31
0.0
100
AcDbAttributeDefinition
  3
SUBTITULO
  2
SUBTITULO
 70
0
 74
1
 71
4
 72
0
 11
-173.0
 21
44.8
 31
0.0
101
Embedded Object
 10
-173.0
 20
44.8
 30
0.0
 40
2.5
 41
171.0
 46
0.0
 71
7
 72
5
  1
Subtítulo
  7
IRAM-N
  0
ATTDEF
  5
F8
330
BB
100
AcDbEntity
  8
0
 62
0
100
AcDbText
 10
-173.0
 20
76.3
 30
0.0
 40
2.5
  1
UTN — Facultad Regional Córdoba · Ingeniería Industrial · Proyecto Final
  7
IRAM-NEGRITA
 11
-173.0
 21
76.3
 31
0.0
100
AcDbAttributeDefinition
  3
ENCABEZADO
  2
ENCABEZADO
 70
0
 74
3
 71
1
 72
0
 11
-173.0
 21
76.3
 31
0.0
  0
ATTDEF
  5
F9
330
BB
100
AcDbEntity
  8
0
 62
0
100
AcDbText
 10
-173.0
 20
68.7
 30
0.0
 40
2.5
  1
Sistema de distribución de fertilizantes a granel — Redler — AGD Río Primero
  7
IRAM-N
 11
-173.0
 21
68.7
 31
0.0
100
AcDbAttributeDefinition
  3
SISTEMA
  2
SISTEMA
 70
0
 74
1
 71
1
 72
0
 11
-173.0
 21
68.7
 31
0.0
  0
TEXT
  5
FA
330
BB
100
AcDbEntity
  8
0
 62
0
100
AcDbText
 10
-167.5
 20
80.5
 30
0.0
 40
2.5
  1
REV.
  7
IRAM-NEGRITA
 72
1
 11
-167.5
 21
80.5
 31
0.0
100
AcDbText
 73
2
  0
ATTDEF
  5
FB
330
BB
100
AcDbEntity
  8
0
 62
0
100
AcDbText
 10
-167.5
 20
86.5
 30
0.0
 40
2.5
  1
E
  7
IRAM-N
 72
1
 11
-167.5
 21
86.5
 31
0.0
100
AcDbAttributeDefinition
  3
REV1_REV
  2
REV1_REV
 70
0
 74
2
 71
1
 72
0
 11
-167.5
 21
86.5
 31
0.0
  0
TEXT
  5
FC
330
BB
100
AcDbEntity
  8
0
 62
0
100
AcDbText
 10
-146.0
 20
80.5
 30
0.0
 40
2.5
  1
FECHA
  7
IRAM-NEGRITA
 72
1
 11
-146.0
 21
80.5
 31
0.0
100
AcDbText
 73
2
  0
ATTDEF
  5
FD
330
BB
100
AcDbEntity
  8
0
 62
0
100
AcDbText
 10
-146.0
 20
86.5
 30
0.0
 40
2.5
  1
03/10/2026
  7
IRAM-N
 72
1
 11
-146.0
 21
86.5
 31
0.0
100
AcDbAttributeDefinition
  3
REV1_FECHA
  2
REV1_FECHA
 70
0
 74
2
 71
1
 72
0
 11
-146.0
 21
86.5
 31
0.0
  0
TEXT
  5
FE
330
BB
100
AcDbEntity
  8
0
 62
0
100
AcDbText
 10
-88.5
 20
80.5
 30
0.0
 40
2.5
  1
DESCRIPCIÓN
  7
IRAM-NEGRITA
 72
1
 11
-88.5
 21
80.5
 31
0.0
100
AcDbText
 73
2
  0
ATTDEF
  5
FF
330
BB
100
AcDbEntity
  8
0
 62
0
100
AcDbText
 10
-131.0
 20
86.5
 30
0.0
 40
2.5
  1
Emisión tercera entrega
  7
IRAM-N
 11
-131.0
 21
86.5
 31
0.0
100
AcDbAttributeDefinition
  3
REV1_DESCRIPCION
  2
REV1_DESCRIPCION
 70
0
 74
2
 71
1
 72
0
 11
-131.0
 21
86.5
 31
0.0
  0
TEXT
  5
100
330
BB
100
AcDbEntity
  8
0
 62
0
100
AcDbText
 10
-22.5
 20
80.5
 30
0.0
 40
2.5
  1
DIBUJÓ
  7
IRAM-NEGRITA
 72
1
 11
-22.5
 21
80.5
 31
0.0
100
AcDbText
 73
2
  0
ATTDEF
  5
101
330
BB
100
AcDbEntity
  8
0
 62
0
100
AcDbText
 10
-44.0
 20
86.5
 30
0.0
 40
2.5
  1
G. Planckensteiner
  7
IRAM-N
 11
-44.0
 21
86.5
 31
0.0
100
AcDbAttributeDefinition
  3
REV1_DIBUJO
  2
REV1_DIBUJO
 70
0
 74
2
 71
1
 72
0
 11
-44.0
 21
86.5
 31
0.0
  0
ENDBLK
  5
BD
330
BB
100
AcDbEntity
  8
0
100
AcDbBlockEnd
  0
BLOCK
  5
103
330
102
100
AcDbEntity
  8
0
100
AcDbBlockBegin
  2
LISTA-MATERIALES
 70
0
 10
0.0
 20
0.0
 30
0.0
  3
LISTA-MATERIALES
  1

  0
LWPOLYLINE
  5
105
330
102
100
AcDbEntity
  8
0
 62
0
370
50
100
AcDbPolyline
 90
4
 70
1
 10
-175.0
 20
0.0
 10
0.0
 20
0.0
 10
0.0
 20
10.0
 10
-175.0
 20
10.0
  0
LINE
  5
106
330
102
100
AcDbEntity
  8
0
 62
0
100
AcDbLine
 10
-166.0
 20
0.0
 30
0.0
 11
-166.0
 21
10.0
 31
0.0
  0
LINE
  5
107
330
102
100
AcDbEntity
  8
0
 62
0
100
AcDbLine
 10
-155.0
 20
0.0
 30
0.0
 11
-155.0
 21
10.0
 31
0.0
  0
LINE
  5
108
330
102
100
AcDbEntity
  8
0
 62
0
100
AcDbLine
 10
-120.0
 20
0.0
 30
0.0
 11
-120.0
 21
10.0
 31
0.0
  0
LINE
  5
109
330
102
100
AcDbEntity
  8
0
 62
0
100
AcDbLine
 10
-91.0
 20
0.0
 30
0.0
 11
-91.0
 21
10.0
 31
0.0
  0
LINE
  5
10A
330
102
100
AcDbEntity
  8
0
 62
0
100
AcDbLine
 10
-53.0
 20
0.0
 30
0.0
 11
-53.0
 21
10.0
 31
0.0
  0
LINE
  5
10B
330
102
100
AcDbEntity
  8
0
 62
0
100
AcDbLine
 10
-31.0
 20
0.0
 30
0.0
 11
-31.0
 21
10.0
 31
0.0
  0
TEXT
  5
10C
330
102
100
AcDbEntity
  8
0
 62
0
100
AcDbText
 10
-170.5
 20
5.0
 30
0.0
 40
2.5
  1
Pos.
  7
IRAM-NEGRITA
 72
1
 11
-170.5
 21
5.0
 31
0.0
100
AcDbText
 73
2
  0
TEXT
  5
10D
330
102
100
AcDbEntity
  8
0
 62
0
100
AcDbText
 10
-160.5
 20
5.0
 30
0.0
 40
2.5
  1
Cant.
  7
IRAM-NEGRITA
 72
1
 11
-160.5
 21
5.0
 31
0.0
100
AcDbText
 73
2
  0
TEXT
  5
10E
330
102
100
AcDbEntity
  8
0
 62
0
100
AcDbText
 10
-137.5
 20
5.0
 30
0.0
 40
2.5
  1
Denominación
  7
IRAM-NEGRITA
 72
1
 11
-137.5
 21
5.0
 31
0.0
100
AcDbText
 73
2
  0
TEXT
  5
10F
330
102
100
AcDbEntity
  8
0
 62
0
100
AcDbText
 10
-105.5
 20
6.6
 30
0.0
 40
2.5
  1
Material /
  7
IRAM-NEGRITA
 72
1
 11
-105.5
 21
6.6
 31
0.0
100
AcDbText
 73
2
  0
TEXT
  5
110
330
102
100
AcDbEntity
  8
0
 62
0
100
AcDbText
 10
-105.5
 20
3.4
 30
0.0
 40
2.5
  1
norma
  7
IRAM-NEGRITA
 72
1
 11
-105.5
 21
3.4
 31
0.0
100
AcDbText
 73
2
  0
TEXT
  5
111
330
102
100
AcDbEntity
  8
0
 62
0
100
AcDbText
 10
-72.0
 20
6.6
 30
0.0
 40
2.5
  1
Dimensiones /
  7
IRAM-NEGRITA
 72
1
 11
-72.0
 21
6.6
 31
0.0
100
AcDbText
 73
2
  0
TEXT
  5
112
330
102
100
AcDbEntity
  8
0
 62
0
100
AcDbText
 10
-72.0
 20
3.4
 30
0.0
 40
2.5
  1
designación
  7
IRAM-NEGRITA
 72
1
 11
-72.0
 21
3.4
 31
0.0
100
AcDbText
 73
2
  0
TEXT
  5
113
330
102
100
AcDbEntity
  8
0
 62
0
100
AcDbText
 10
-42.0
 20
6.6
 30
0.0
 40
2.5
  1
Peso unit.
  7
IRAM-NEGRITA
 72
1
 11
-42.0
 21
6.6
 31
0.0
100
AcDbText
 73
2
  0
TEXT
  5
114
330
102
100
AcDbEntity
  8
0
 62
0
100
AcDbText
 10
-42.0
 20
3.4
 30
0.0
 40
2.5
  1
(kg)
  7
IRAM-NEGRITA
 72
1
 11
-42.0
 21
3.4
 31
0.0
100
AcDbText
 73
2
  0
TEXT
  5
115
330
102
100
AcDbEntity
  8
0
 62
0
100
AcDbText
 10
-15.5
 20
5.0
 30
0.0
 40
2.5
  1
Observaciones
  7
IRAM-NEGRITA
 72
1
 11
-15.5
 21
5.0
 31
0.0
100
AcDbText
 73
2
  0
ENDBLK
  5
104
330
102
100
AcDbEntity
  8
0
100
AcDbBlockEnd
  0
BLOCK
  5
117
330
116
100
AcDbEntity
  8
0
100
AcDbBlockBegin
  2
LM-FILA
 70
2
 10
0.0
 20
0.0
 30
0.0
  3
LM-FILA
  1

  0
LWPOLYLINE
  5
119
330
116
100
AcDbEntity
  8
0
 62
0
100
AcDbPolyline
 90
4
 70
1
 10
-175.0
 20
0.0
 10
0.0
 20
0.0
 10
0.0
 20
6.0
 10
-175.0
 20
6.0
  0
LINE
  5
11A
330
116
100
AcDbEntity
  8
0
 62
0
100
AcDbLine
 10
-166.0
 20
0.0
 30
0.0
 11
-166.0
 21
6.0
 31
0.0
  0
LINE
  5
11B
330
116
100
AcDbEntity
  8
0
 62
0
100
AcDbLine
 10
-155.0
 20
0.0
 30
0.0
 11
-155.0
 21
6.0
 31
0.0
  0
LINE
  5
11C
330
116
100
AcDbEntity
  8
0
 62
0
100
AcDbLine
 10
-120.0
 20
0.0
 30
0.0
 11
-120.0
 21
6.0
 31
0.0
  0
LINE
  5
11D
330
116
100
AcDbEntity
  8
0
 62
0
100
AcDbLine
 10
-91.0
 20
0.0
 30
0.0
 11
-91.0
 21
6.0
 31
0.0
  0
LINE
  5
11E
330
116
100
AcDbEntity
  8
0
 62
0
100
AcDbLine
 10
-53.0
 20
0.0
 30
0.0
 11
-53.0
 21
6.0
 31
0.0
  0
LINE
  5
11F
330
116
100
AcDbEntity
  8
0
 62
0
100
AcDbLine
 10
-31.0
 20
0.0
 30
0.0
 11
-31.0
 21
6.0
 31
0.0
  0
ATTDEF
  5
120
330
116
100
AcDbEntity
  8
0
 62
0
100
AcDbText
 10
-170.5
 20
3.0
 30
0.0
 40
2.5
  1

  7
IRAM-N
 72
1
 11
-170.5
 21
3.0
 31
0.0
100
AcDbAttributeDefinition
  3
POS
  2
POS
 70
0
 74
2
 71
1
 72
0
 11
-170.5
 21
3.0
 31
0.0
  0
ATTDEF
  5
121
330
116
100
AcDbEntity
  8
0
 62
0
100
AcDbText
 10
-160.5
 20
3.0
 30
0.0
 40
2.5
  1

  7
IRAM-N
 72
1
 11
-160.5
 21
3.0
 31
0.0
100
AcDbAttributeDefinition
  3
CANT
  2
CANT
 70
0
 74
2
 71
1
 72
0
 11
-160.5
 21
3.0
 31
0.0
  0
ATTDEF
  5
122
330
116
100
AcDbEntity
  8
0
 62
0
100
AcDbText
 10
-154.0
 20
3.0
 30
0.0
 40
2.5
  1

  7
IRAM-N
 11
-154.0
 21
3.0
 31
0.0
100
AcDbAttributeDefinition
  3
DENOM
  2
DENOM
 70
0
 74
2
 71
1
 72
0
 11
-154.0
 21
3.0
 31
0.0
  0
ATTDEF
  5
123
330
116
100
AcDbEntity
  8
0
 62
0
100
AcDbText
 10
-119.0
 20
3.0
 30
0.0
 40
2.5
  1

  7
IRAM-N
 11
-119.0
 21
3.0
 31
0.0
100
AcDbAttributeDefinition
  3
MAT
  2
MAT
 70
0
 74
2
 71
1
 72
0
 11
-119.0
 21
3.0
 31
0.0
  0
ATTDEF
  5
124
330
116
100
AcDbEntity
  8
0
 62
0
100
AcDbText
 10
-90.0
 20
3.0
 30
0.0
 40
2.5
  1

  7
IRAM-N
 11
-90.0
 21
3.0
 31
0.0
100
AcDbAttributeDefinition
  3
DIM
  2
DIM
 70
0
 74
2
 71
1
 72
0
 11
-90.0
 21
3.0
 31
0.0
  0
ATTDEF
  5
125
330
116
100
AcDbEntity
  8
0
 62
0
100
AcDbText
 10
-42.0
 20
3.0
 30
0.0
 40
2.5
  1

  7
IRAM-N
 72
1
 11
-42.0
 21
3.0
 31
0.0
100
AcDbAttributeDefinition
  3
PESO
  2
PESO
 70
0
 74
2
 71
1
 72
0
 11
-42.0
 21
3.0
 31
0.0
  0
ATTDEF
  5
126
330
116
100
AcDbEntity
  8
0
 62
0
100
AcDbText
 10
-30.0
 20
3.0
 30
0.0
 40
2.5
  1

  7
IRAM-N
 11
-30.0
 21
3.0
 31
0.0
100
AcDbAttributeDefinition
  3
OBS
  2
OBS
 70
0
 74
2
 71
1
 72
0
 11
-30.0
 21
3.0
 31
0.0
  0
ENDBLK
  5
118
330
116
100
AcDbEntity
  8
0
100
AcDbBlockEnd
  0
ENDSEC
  0
SECTION
  2
ENTITIES
  0
LWPOLYLINE
  5
128
330
17
100
AcDbEntity
  8
AN-NOPLOT
100
AcDbPolyline
 90
4
 70
1
 10
-3000.0
 20
-48000.0
 10
26000.0
 20
-48000.0
 10
26000.0
 20
3000.0
 10
-3000.0
 20
3000.0
  0
TEXT
  5
129
330
17
100
AcDbEntity
  8
AN-NOPLOT
100
AcDbText
 10
-2600.0
 20
2600.0
 30
0.0
 40
600.0
  1
ZONA P — Planta general (X, −s)
  7
IRAM-N
 11
-2600.0
 21
2600.0
 31
0.0
100
AcDbText
 73
3
  0
LINE
  5
12A
330
17
100
AcDbEntity
  8
AN-NOPLOT
100
AcDbLine
 10
-1000.0
 20
0.0
 30
0.0
 11
1000.0
 21
0.0
 31
0.0
  0
LINE
  5
12B
330
17
100
AcDbEntity
  8
AN-NOPLOT
100
AcDbLine
 10
0.0
 20
-1000.0
 30
0.0
 11
0.0
 21
1000.0
 31
0.0
  0
LWPOLYLINE
  5
12D
330
17
100
AcDbEntity
  8
AN-NOPLOT
100
AcDbPolyline
 90
4
 70
1
 10
-3000.0
 20
55000.0
 10
26000.0
 20
55000.0
 10
26000.0
 20
70000.0
 10
-3000.0
 20
70000.0
  0
TEXT
  5
12E
330
17
100
AcDbEntity
  8
AN-NOPLOT
100
AcDbText
 10
-2600.0
 20
69600.0
 30
0.0
 40
600.0
  1
ZONA A — Corte A-A, s = 26,85, mirando al norte (X, Z)
  7
IRAM-N
 11
-2600.0
 21
69600.0
 31
0.0
100
AcDbText
 73
3
  0
LINE
  5
12F
330
17
100
AcDbEntity
  8
AN-NOPLOT
100
AcDbLine
 10
-1000.0
 20
60000.0
 30
0.0
 11
1000.0
 21
60000.0
 31
0.0
  0
LINE
  5
130
330
17
100
AcDbEntity
  8
AN-NOPLOT
100
AcDbLine
 10
0.0
 20
59000.0
 30
0.0
 11
0.0
 21
61000.0
 31
0.0
  0
LWPOLYLINE
  5
132
330
17
100
AcDbEntity
  8
AN-NOPLOT
100
AcDbPolyline
 90
4
 70
1
 10
62000.0
 20
55000.0
 10
113000.0
 20
55000.0
 10
113000.0
 20
73000.0
 10
62000.0
 20
73000.0
  0
TEXT
  5
133
330
17
100
AcDbEntity
  8
AN-NOPLOT
100
AcDbText
 10
62400.0
 20
72600.0
 30
0.0
 40
600.0
  1
ZONA B — Corte B-B quebrado, mirando al oeste (s creciente hacia la izquierda, Z)
  7
IRAM-N
 11
62400.0
 21
72600.0
 31
0.0
100
AcDbText
 73
3
  0
LINE
  5
134
330
17
100
AcDbEntity
  8
AN-NOPLOT
100
AcDbLine
 10
111000.0
 20
60000.0
 30
0.0
 11
109000.0
 21
60000.0
 31
0.0
  0
LINE
  5
135
330
17
100
AcDbEntity
  8
AN-NOPLOT
100
AcDbLine
 10
110000.0
 20
59000.0
 30
0.0
 11
110000.0
 21
61000.0
 31
0.0
  0
LWPOLYLINE
  5
137
330
17
100
AcDbEntity
  8
AN-NOPLOT
100
AcDbPolyline
 90
4
 70
1
 10
118000.0
 20
55000.0
 10
140000.0
 20
55000.0
 10
140000.0
 20
73000.0
 10
118000.0
 20
73000.0
  0
TEXT
  5
138
330
17
100
AcDbEntity
  8
AN-NOPLOT
100
AcDbText
 10
118400.0
 20
72600.0
 30
0.0
 40
600.0
  1
ZONA C — Vista C-C desde el exterior (X, Z)
  7
IRAM-N
 11
118400.0
 21
72600.0
 31
0.0
100
AcDbText
 73
3
  0
LINE
  5
139
330
17
100
AcDbEntity
  8
AN-NOPLOT
100
AcDbLine
 10
119000.0
 20
60000.0
 30
0.0
 11
121000.0
 21
60000.0
 31
0.0
  0
LINE
  5
13A
330
17
100
AcDbEntity
  8
AN-NOPLOT
100
AcDbLine
 10
120000.0
 20
59000.0
 30
0.0
 11
120000.0
 21
61000.0
 31
0.0
  0
LWPOLYLINE
  5
13C
330
17
100
AcDbEntity
  8
AN-NOPLOT
100
AcDbPolyline
 90
4
 70
1
 10
118000.0
 20
-25000.0
 10
200000.0
 20
-25000.0
 10
200000.0
 20
25000.0
 10
118000.0
 20
25000.0
  0
TEXT
  5
13D
330
17
100
AcDbEntity
  8
AN-NOPLOT
100
AcDbText
 10
118400.0
 20
24600.0
 30
0.0
 40
600.0
  1
ZONA R — Recepción: vistas de DET-11
  7
IRAM-N
 11
118400.0
 21
24600.0
 31
0.0
100
AcDbText
 73
3
  0
LINE
  5
13E
330
17
100
AcDbEntity
  8
AN-NOPLOT
100
AcDbLine
 10
119000.0
 20
0.0
 30
0.0
 11
121000.0
 21
0.0
 31
0.0
  0
LINE
  5
13F
330
17
100
AcDbEntity
  8
AN-NOPLOT
100
AcDbLine
 10
120000.0
 20
-1000.0
 30
0.0
 11
120000.0
 21
1000.0
 31
0.0
  0
LWPOLYLINE
  5
141
330
17
100
AcDbEntity
  8
AN-NOPLOT
100
AcDbPolyline
 90
4
 70
1
 10
-3000.0
 20
117000.0
 10
110000.0
 20
117000.0
 10
110000.0
 20
146000.0
 10
-3000.0
 20
146000.0
  0
TEXT
  5
142
330
17
100
AcDbEntity
  8
AN-NOPLOT
100
AcDbText
 10
-2600.0
 20
145600.0
 30
0.0
 40
600.0
  1
ZONA DET04 — Detalles de DET-04
  7
IRAM-N
 11
-2600.0
 21
145600.0
 31
0.0
100
AcDbText
 73
3
  0
LINE
  5
143
330
17
100
AcDbEntity
  8
AN-NOPLOT
100
AcDbLine
 10
-1000.0
 20
120000.0
 30
0.0
 11
1000.0
 21
120000.0
 31
0.0
  0
LINE
  5
144
330
17
100
AcDbEntity
  8
AN-NOPLOT
100
AcDbLine
 10
0.0
 20
119000.0
 30
0.0
 11
0.0
 21
121000.0
 31
0.0
  0
LWPOLYLINE
  5
146
330
17
100
AcDbEntity
  8
AN-NOPLOT
100
AcDbPolyline
 90
4
 70
1
 10
-3000.0
 20
147000.0
 10
110000.0
 20
147000.0
 10
110000.0
 20
176000.0
 10
-3000.0
 20
176000.0
  0
TEXT
  5
147
330
17
100
AcDbEntity
  8
AN-NOPLOT
100
AcDbText
 10
-2600.0
 20
175600.0
 30
0.0
 40
600.0
  1
ZONA DET05 — Detalles de DET-05
  7
IRAM-N
 11
-2600.0
 21
175600.0
 31
0.0
100
AcDbText
 73
3
  0
LINE
  5
148
330
17
100
AcDbEntity
  8
AN-NOPLOT
100
AcDbLine
 10
-1000.0
 20
150000.0
 30
0.0
 11
1000.0
 21
150000.0
 31
0.0
  0
LINE
  5
149
330
17
100
AcDbEntity
  8
AN-NOPLOT
100
AcDbLine
 10
0.0
 20
149000.0
 30
0.0
 11
0.0
 21
151000.0
 31
0.0
  0
LWPOLYLINE
  5
14B
330
17
100
AcDbEntity
  8
AN-NOPLOT
100
AcDbPolyline
 90
4
 70
1
 10
-3000.0
 20
177000.0
 10
110000.0
 20
177000.0
 10
110000.0
 20
206000.0
 10
-3000.0
 20
206000.0
  0
TEXT
  5
14C
330
17
100
AcDbEntity
  8
AN-NOPLOT
100
AcDbText
 10
-2600.0
 20
205600.0
 30
0.0
 40
600.0
  1
ZONA DET06 — Detalles de DET-06
  7
IRAM-N
 11
-2600.0
 21
205600.0
 31
0.0
100
AcDbText
 73
3
  0
LINE
  5
14D
330
17
100
AcDbEntity
  8
AN-NOPLOT
100
AcDbLine
 10
-1000.0
 20
180000.0
 30
0.0
 11
1000.0
 21
180000.0
 31
0.0
  0
LINE
  5
14E
330
17
100
AcDbEntity
  8
AN-NOPLOT
100
AcDbLine
 10
0.0
 20
179000.0
 30
0.0
 11
0.0
 21
181000.0
 31
0.0
  0
LWPOLYLINE
  5
150
330
17
100
AcDbEntity
  8
AN-NOPLOT
100
AcDbPolyline
 90
4
 70
1
 10
-3000.0
 20
207000.0
 10
110000.0
 20
207000.0
 10
110000.0
 20
236000.0
 10
-3000.0
 20
236000.0
  0
TEXT
  5
151
330
17
100
AcDbEntity
  8
AN-NOPLOT
100
AcDbText
 10
-2600.0
 20
235600.0
 30
0.0
 40
600.0
  1
ZONA DET07 — Detalles de DET-07
  7
IRAM-N
 11
-2600.0
 21
235600.0
 31
0.0
100
AcDbText
 73
3
  0
LINE
  5
152
330
17
100
AcDbEntity
  8
AN-NOPLOT
100
AcDbLine
 10
-1000.0
 20
210000.0
 30
0.0
 11
1000.0
 21
210000.0
 31
0.0
  0
LINE
  5
153
330
17
100
AcDbEntity
  8
AN-NOPLOT
100
AcDbLine
 10
0.0
 20
209000.0
 30
0.0
 11
0.0
 21
211000.0
 31
0.0
  0
LWPOLYLINE
  5
155
330
17
100
AcDbEntity
  8
AN-NOPLOT
100
AcDbPolyline
 90
4
 70
1
 10
-3000.0
 20
237000.0
 10
110000.0
 20
237000.0
 10
110000.0
 20
266000.0
 10
-3000.0
 20
266000.0
  0
TEXT
  5
156
330
17
100
AcDbEntity
  8
AN-NOPLOT
100
AcDbText
 10
-2600.0
 20
265600.0
 30
0.0
 40
600.0
  1
ZONA DET08 — Detalles de DET-08
  7
IRAM-N
 11
-2600.0
 21
265600.0
 31
0.0
100
AcDbText
 73
3
  0
LINE
  5
157
330
17
100
AcDbEntity
  8
AN-NOPLOT
100
AcDbLine
 10
-1000.0
 20
240000.0
 30
0.0
 11
1000.0
 21
240000.0
 31
0.0
  0
LINE
  5
158
330
17
100
AcDbEntity
  8
AN-NOPLOT
100
AcDbLine
 10
0.0
 20
239000.0
 30
0.0
 11
0.0
 21
241000.0
 31
0.0
  0
LWPOLYLINE
  5
15A
330
17
100
AcDbEntity
  8
AN-NOPLOT
100
AcDbPolyline
 90
4
 70
1
 10
-3000.0
 20
267000.0
 10
110000.0
 20
267000.0
 10
110000.0
 20
296000.0
 10
-3000.0
 20
296000.0
  0
TEXT
  5
15B
330
17
100
AcDbEntity
  8
AN-NOPLOT
100
AcDbText
 10
-2600.0
 20
295600.0
 30
0.0
 40
600.0
  1
ZONA DET09 — Detalles de DET-09
  7
IRAM-N
 11
-2600.0
 21
295600.0
 31
0.0
100
AcDbText
 73
3
  0
LINE
  5
15C
330
17
100
AcDbEntity
  8
AN-NOPLOT
100
AcDbLine
 10
-1000.0
 20
270000.0
 30
0.0
 11
1000.0
 21
270000.0
 31
0.0
  0
LINE
  5
15D
330
17
100
AcDbEntity
  8
AN-NOPLOT
100
AcDbLine
 10
0.0
 20
269000.0
 30
0.0
 11
0.0
 21
271000.0
 31
0.0
  0
LWPOLYLINE
  5
15F
330
17
100
AcDbEntity
  8
AN-NOPLOT
100
AcDbPolyline
 90
4
 70
1
 10
-3000.0
 20
297000.0
 10
110000.0
 20
297000.0
 10
110000.0
 20
326000.0
 10
-3000.0
 20
326000.0
  0
TEXT
  5
160
330
17
100
AcDbEntity
  8
AN-NOPLOT
100
AcDbText
 10
-2600.0
 20
325600.0
 30
0.0
 40
600.0
  1
ZONA DET10 — Detalles de DET-10
  7
IRAM-N
 11
-2600.0
 21
325600.0
 31
0.0
100
AcDbText
 73
3
  0
LINE
  5
161
330
17
100
AcDbEntity
  8
AN-NOPLOT
100
AcDbLine
 10
-1000.0
 20
300000.0
 30
0.0
 11
1000.0
 21
300000.0
 31
0.0
  0
LINE
  5
162
330
17
100
AcDbEntity
  8
AN-NOPLOT
100
AcDbLine
 10
0.0
 20
299000.0
 30
0.0
 11
0.0
 21
301000.0
 31
0.0
  0
LWPOLYLINE
  5
164
330
17
100
AcDbEntity
  8
AN-NOPLOT
100
AcDbPolyline
 90
4
 70
1
 10
-3000.0
 20
357000.0
 10
110000.0
 20
357000.0
 10
110000.0
 20
386000.0
 10
-3000.0
 20
386000.0
  0
TEXT
  5
165
330
17
100
AcDbEntity
  8
AN-NOPLOT
100
AcDbText
 10
-2600.0
 20
385600.0
 30
0.0
 40
600.0
  1
ZONA DET12 — Detalles de DET-12
  7
IRAM-N
 11
-2600.0
 21
385600.0
 31
0.0
100
AcDbText
 73
3
  0
LINE
  5
166
330
17
100
AcDbEntity
  8
AN-NOPLOT
100
AcDbLine
 10
-1000.0
 20
360000.0
 30
0.0
 11
1000.0
 21
360000.0
 31
0.0
  0
LINE
  5
167
330
17
100
AcDbEntity
  8
AN-NOPLOT
100
AcDbLine
 10
0.0
 20
359000.0
 30
0.0
 11
0.0
 21
361000.0
 31
0.0
  0
LWPOLYLINE
  5
186
102
{ACAD_REACTORS
330
187
102
}
330
17
100
AcDbEntity
  8
EX-HORMIGON-CORTE
100
AcDbPolyline
 90
4
 70
1
 10
-150.0
 20
175.0
 10
22850.0
 20
175.0
 10
22850.0
 20
-175.0
 10
-150.0
 20
-175.0
  0
HATCH
  5
187
330
17
100
AcDbEntity
  8
AN-RAYADO-EX
100
AcDbHatch
 10
0.0
 20
0.0
 30
0.0
210
0.0
220
0.0
230
1.0
  2
SOLID
 70
1
 71
1
 91
1
 92
3
 72
0
 73
1
 93
4
 10
-150.0
 20
175.0
 10
22850.0
 20
175.0
 10
22850.0
 20
-175.0
 10
-150.0
 20
-175.0
 97
1
330
186
 75
1
 76
1
 98
0
  0
LWPOLYLINE
  5
188
102
{ACAD_REACTORS
330
189
102
}
330
17
100
AcDbEntity
  8
EX-HORMIGON-CORTE
100
AcDbPolyline
 90
4
 70
1
 10
-150.0
 20
-35975.0
 10
22850.0
 20
-35975.0
 10
22850.0
 20
-36325.0
 10
-150.0
 20
-36325.0
  0
HATCH
  5
189
330
17
100
AcDbEntity
  8
AN-RAYADO-EX
100
AcDbHatch
 10
0.0
 20
0.0
 30
0.0
210
0.0
220
0.0
230
1.0
  2
SOLID
 70
1
 71
1
 91
1
 92
3
 72
0
 73
1
 93
4
 10
-150.0
 20
-35975.0
 10
22850.0
 20
-35975.0
 10
22850.0
 20
-36325.0
 10
-150.0
 20
-36325.0
 97
1
330
188
 75
1
 76
1
 98
0
  0
LWPOLYLINE
  5
18A
102
{ACAD_REACTORS
330
18B
102
}
330
17
100
AcDbEntity
  8
EX-HORMIGON-CORTE
100
AcDbPolyline
 90
4
 70
1
 10
22700.0
 20
-175.0
 10
22850.0
 20
-175.0
 10
22850.0
 20
-35975.0
 10
22700.0
 20
-35975.0
  0
HATCH
  5
18B
330
17
100
AcDbEntity
  8
AN-RAYADO-EX
100
AcDbHatch
 10
0.0
 20
0.0
 30
0.0
210
0.0
220
0.0
230
1.0
  2
SOLID
 70
1
 71
1
 91
1
 92
3
 72
0
 73
1
 93
4
 10
22700.0
 20
-175.0
 10
22850.0
 20
-175.0
 10
22850.0
 20
-35975.0
 10
22700.0
 20
-35975.0
 97
1
330
18A
 75
1
 76
1
 98
0
  0
LWPOLYLINE
  5
18C
102
{ACAD_REACTORS
330
18D
102
}
330
17
100
AcDbEntity
  8
EX-HORMIGON-CORTE
100
AcDbPolyline
 90
4
 70
1
 10
-150.0
 20
-175.0
 10
0.0
 20
-175.0
 10
0.0
 20
-2825.0
 10
-150.0
 20
-2825.0
  0
HATCH
  5
18D
330
17
100
AcDbEntity
  8
AN-RAYADO-EX
100
AcDbHatch
 10
0.0
 20
0.0
 30
0.0
210
0.0
220
0.0
230
1.0
  2
SOLID
 70
1
 71
1
 91
1
 92
3
 72
0
 73
1
 93
4
 10
-150.0
 20
-175.0
 10
0.0
 20
-175.0
 10
0.0
 20
-2825.0
 10
-150.0
 20
-2825.0
 97
1
330
18C
 75
1
 76
1
 98
0
  0
LWPOLYLINE
  5
18E
102
{ACAD_REACTORS
330
18F
102
}
330
17
100
AcDbEntity
  8
EX-HORMIGON-CORTE
100
AcDbPolyline
 90
4
 70
1
 10
-150.0
 20
-6325.0
 10
0.0
 20
-6325.0
 10
0.0
 20
-10035.0
 10
-150.0
 20
-10035.0
  0
HATCH
  5
18F
330
17
100
AcDbEntity
  8
AN-RAYADO-EX
100
AcDbHatch
 10
0.0
 20
0.0
 30
0.0
210
0.0
220
0.0
230
1.0
  2
SOLID
 70
1
 71
1
 91
1
 92
3
 72
0
 73
1
 93
4
 10
-150.0
 20
-6325.0
 10
0.0
 20
-6325.0
 10
0.0
 20
-10035.0
 10
-150.0
 20
-10035.0
 97
1
330
18E
 75
1
 76
1
 98
0
  0
LWPOLYLINE
  5
190
102
{ACAD_REACTORS
330
191
102
}
330
17
100
AcDbEntity
  8
EX-HORMIGON-CORTE
100
AcDbPolyline
 90
4
 70
1
 10
-150.0
 20
-12615.0
 10
0.0
 20
-12615.0
 10
0.0
 20
-14535.0
 10
-150.0
 20
-14535.0
  0
HATCH
  5
191
330
17
100
AcDbEntity
  8
AN-RAYADO-EX
100
AcDbHatch
 10
0.0
 20
0.0
 30
0.0
210
0.0
220
0.0
230
1.0
  2
SOLID
 70
1
 71
1
 91
1
 92
3
 72
0
 73
1
 93
4
 10
-150.0
 20
-12615.0
 10
0.0
 20
-12615.0
 10
0.0
 20
-14535.0
 10
-150.0
 20
-14535.0
 97
1
330
190
 75
1
 76
1
 98
0
  0
LWPOLYLINE
  5
192
102
{ACAD_REACTORS
330
193
102
}
330
17
100
AcDbEntity
  8
EX-HORMIGON-CORTE
100
AcDbPolyline
 90
4
 70
1
 10
-150.0
 20
-17115.0
 10
0.0
 20
-17115.0
 10
0.0
 20
-20825.0
 10
-150.0
 20
-20825.0
  0
HATCH
  5
193
330
17
100
AcDbEntity
  8
AN-RAYADO-EX
100
AcDbHatch
 10
0.0
 20
0.0
 30
0.0
210
0.0
220
0.0
230
1.0
  2
SOLID
 70
1
 71
1
 91
1
 92
3
 72
0
 73
1
 93
4
 10
-150.0
 20
-17115.0
 10
0.0
 20
-17115.0
 10
0.0
 20
-20825.0
 10
-150.0
 20
-20825.0
 97
1
330
192
 75
1
 76
1
 98
0
  0
LWPOLYLINE
  5
194
102
{ACAD_REACTORS
330
195
102
}
330
17
100
AcDbEntity
  8
EX-HORMIGON-CORTE
100
AcDbPolyline
 90
4
 70
1
 10
-150.0
 20
-24325.0
 10
0.0
 20
-24325.0
 10
0.0
 20
-29825.0
 10
-150.0
 20
-29825.0
  0
HATCH
  5
195
330
17
100
AcDbEntity
  8
AN-RAYADO-EX
100
AcDbHatch
 10
0.0
 20
0.0
 30
0.0
210
0.0
220
0.0
230
1.0
  2
SOLID
 70
1
 71
1
 91
1
 92
3
 72
0
 73
1
 93
4
 10
-150.0
 20
-24325.0
 10
0.0
 20
-24325.0
 10
0.0
 20
-29825.0
 10
-150.0
 20
-29825.0
 97
1
330
194
 75
1
 76
1
 98
0
  0
LWPOLYLINE
  5
196
102
{ACAD_REACTORS
330
197
102
}
330
17
100
AcDbEntity
  8
EX-HORMIGON-CORTE
100
AcDbPolyline
 90
4
 70
1
 10
-150.0
 20
-33325.0
 10
0.0
 20
-33325.0
 10
0.0
 20
-35975.0
 10
-150.0
 20
-35975.0
  0
HATCH
  5
197
330
17
100
AcDbEntity
  8
AN-RAYADO-EX
100
AcDbHatch
 10
0.0
 20
0.0
 30
0.0
210
0.0
220
0.0
230
1.0
  2
SOLID
 70
1
 71
1
 91
1
 92
3
 72
0
 73
1
 93
4
 10
-150.0
 20
-33325.0
 10
0.0
 20
-33325.0
 10
0.0
 20
-35975.0
 10
-150.0
 20
-35975.0
 97
1
330
196
 75
1
 76
1
 98
0
  0
LINE
  5
198
330
17
100
AcDbEntity
  8
EX-CERRAMIENTO
100
AcDbLine
 10
-75.0
 20
-2825.0
 30
0.0
 11
-75.0
 21
-6325.0
 31
0.0
  0
LINE
  5
199
330
17
100
AcDbEntity
  8
EX-CERRAMIENTO
100
AcDbLine
 10
-75.0
 20
-10035.0
 30
0.0
 11
-75.0
 21
-12615.0
 31
0.0
  0
LINE
  5
19A
330
17
100
AcDbEntity
  8
EX-CERRAMIENTO
100
AcDbLine
 10
-75.0
 20
-14535.0
 30
0.0
 11
-75.0
 21
-17115.0
 31
0.0
  0
LINE
  5
19B
330
17
100
AcDbEntity
  8
EX-CERRAMIENTO
100
AcDbLine
 10
-75.0
 20
-20825.0
 30
0.0
 11
-75.0
 21
-24325.0
 31
0.0
  0
LINE
  5
19C
330
17
100
AcDbEntity
  8
EX-CERRAMIENTO
100
AcDbLine
 10
-75.0
 20
-29825.0
 30
0.0
 11
-75.0
 21
-33325.0
 31
0.0
  0
LWPOLYLINE
  5
19D
330
17
100
AcDbEntity
  8
EX-HORMIGON-CORTE
100
AcDbPolyline
 90
4
 70
0
 10
5700.0
 20
-8975.0
 10
0.0
 20
-8975.0
 10
0.0
 20
-9175.0
 10
5700.0
 20
-9175.0
  0
LWPOLYLINE
  5
19E
102
{ACAD_REACTORS
330
19F
102
}
330
17
100
AcDbEntity
  8
EX-HORMIGON-CORTE
100
AcDbPolyline
 90
4
 70
1
 10
5700.0
 20
-8975.0
 10
22700.0
 20
-8975.0
 10
22700.0
 20
-9175.0
 10
5700.0
 20
-9175.0
  0
HATCH
  5
19F
330
17
100
AcDbEntity
  8
AN-RAYADO-EX
100
AcDbHatch
 10
0.0
 20
0.0
 30
0.0
210
0.0
220
0.0
230
1.0
  2
SOLID
 70
1
 71
1
 91
1
 92
3
 72
0
 73
1
 93
4
 10
5700.0
 20
-8975.0
 10
22700.0
 20
-8975.0
 10
22700.0
 20
-9175.0
 10
5700.0
 20
-9175.0
 97
1
330
19E
 75
1
 76
1
 98
0
  0
LWPOLYLINE
  5
1A0
330
17
100
AcDbEntity
  8
EX-HORMIGON-CORTE
100
AcDbPolyline
 90
4
 70
0
 10
5700.0
 20
-13475.0
 10
0.0
 20
-13475.0
 10
0.0
 20
-13675.0
 10
5700.0
 20
-13675.0
  0
LWPOLYLINE
  5
1A1
102
{ACAD_REACTORS
330
1A2
102
}
330
17
100
AcDbEntity
  8
EX-HORMIGON-CORTE
100
AcDbPolyline
 90
4
 70
1
 10
5700.0
 20
-13475.0
 10
22700.0
 20
-13475.0
 10
22700.0
 20
-13675.0
 10
5700.0
 20
-13675.0
  0
HATCH
  5
1A2
330
17
100
AcDbEntity
  8
AN-RAYADO-EX
100
AcDbHatch
 10
0.0
 20
0.0
 30
0.0
210
0.0
220
0.0
230
1.0
  2
SOLID
 70
1
 71
1
 91
1
 92
3
 72
0
 73
1
 93
4
 10
5700.0
 20
-13475.0
 10
22700.0
 20
-13475.0
 10
22700.0
 20
-13675.0
 10
5700.0
 20
-13675.0
 97
1
330
1A1
 75
1
 76
1
 98
0
  0
LWPOLYLINE
  5
1A3
330
17
100
AcDbEntity
  8
EX-HORMIGON-CORTE
100
AcDbPolyline
 90
4
 70
0
 10
5700.0
 20
-17975.0
 10
0.0
 20
-17975.0
 10
0.0
 20
-18175.0
 10
5700.0
 20
-18175.0
  0
LWPOLYLINE
  5
1A4
102
{ACAD_REACTORS
330
1A5
102
}
330
17
100
AcDbEntity
  8
EX-HORMIGON-CORTE
100
AcDbPolyline
 90
4
 70
1
 10
5700.0
 20
-17975.0
 10
22700.0
 20
-17975.0
 10
22700.0
 20
-18175.0
 10
5700.0
 20
-18175.0
  0
HATCH
  5
1A5
330
17
100
AcDbEntity
  8
AN-RAYADO-EX
100
AcDbHatch
 10
0.0
 20
0.0
 30
0.0
210
0.0
220
0.0
230
1.0
  2
SOLID
 70
1
 71
1
 91
1
 92
3
 72
0
 73
1
 93
4
 10
5700.0
 20
-17975.0
 10
22700.0
 20
-17975.0
 10
22700.0
 20
-18175.0
 10
5700.0
 20
-18175.0
 97
1
330
1A4
 75
1
 76
1
 98
0
  0
LWPOLYLINE
  5
1A6
330
17
100
AcDbEntity
  8
EX-HORMIGON-CORTE
100
AcDbPolyline
 90
4
 70
0
 10
5700.0
 20
-26975.0
 10
0.0
 20
-26975.0
 10
0.0
 20
-27175.0
 10
5700.0
 20
-27175.0
  0
LWPOLYLINE
  5
1A7
102
{ACAD_REACTORS
330
1A8
102
}
330
17
100
AcDbEntity
  8
EX-HORMIGON-CORTE
100
AcDbPolyline
 90
4
 70
1
 10
5700.0
 20
-26975.0
 10
22700.0
 20
-26975.0
 10
22700.0
 20
-27175.0
 10
5700.0
 20
-27175.0
  0
HATCH
  5
1A8
330
17
100
AcDbEntity
  8
AN-RAYADO-EX
100
AcDbHatch
 10
0.0
 20
0.0
 30
0.0
210
0.0
220
0.0
230
1.0
  2
SOLID
 70
1
 71
1
 91
1
 92
3
 72
0
 73
1
 93
4
 10
5700.0
 20
-26975.0
 10
22700.0
 20
-26975.0
 10
22700.0
 20
-27175.0
 10
5700.0
 20
-27175.0
 97
1
330
1A7
 75
1
 76
1
 98
0
  0
LWPOLYLINE
  5
1A9
102
{ACAD_REACTORS
330
1AA
102
}
330
17
100
AcDbEntity
  8
EX-COLUMNAS
100
AcDbPolyline
 90
4
 70
1
 10
9250.0
 20
100.0
 10
9450.0
 20
100.0
 10
9450.0
 20
-100.0
 10
9250.0
 20
-100.0
  0
HATCH
  5
1AA
330
17
100
AcDbEntity
  8
AN-RAYADO-EX
 62
7
100
AcDbHatch
 10
0.0
 20
0.0
 30
0.0
210
0.0
220
0.0
230
1.0
  2
SOLID
 70
1
 71
1
 91
1
 92
3
 72
0
 73
1
 93
4
 10
9250.0
 20
100.0
 10
9450.0
 20
100.0
 10
9450.0
 20
-100.0
 10
9250.0
 20
-100.0
 97
1
330
1A9
 75
1
 76
1
 98
0
  0
LWPOLYLINE
  5
1AB
102
{ACAD_REACTORS
330
1AC
102
}
330
17
100
AcDbEntity
  8
EX-COLUMNAS
100
AcDbPolyline
 90
4
 70
1
 10
13250.0
 20
100.0
 10
13450.0
 20
100.0
 10
13450.0
 20
-100.0
 10
13250.0
 20
-100.0
  0
HATCH
  5
1AC
330
17
100
AcDbEntity
  8
AN-RAYADO-EX
 62
7
100
AcDbHatch
 10
0.0
 20
0.0
 30
0.0
210
0.0
220
0.0
230
1.0
  2
SOLID
 70
1
 71
1
 91
1
 92
3
 72
0
 73
1
 93
4
 10
13250.0
 20
100.0
 10
13450.0
 20
100.0
 10
13450.0
 20
-100.0
 10
13250.0
 20
-100.0
 97
1
330
1AB
 75
1
 76
1
 98
0
  0
LWPOLYLINE
  5
1AD
102
{ACAD_REACTORS
330
1AE
102
}
330
17
100
AcDbEntity
  8
EX-COLUMNAS
100
AcDbPolyline
 90
4
 70
1
 10
-175.0
 20
100.0
 10
25.0
 20
100.0
 10
25.0
 20
-100.0
 10
-175.0
 20
-100.0
  0
HATCH
  5
1AE
330
17
100
AcDbEntity
  8
AN-RAYADO-EX
 62
7
100
AcDbHatch
 10
0.0
 20
0.0
 30
0.0
210
0.0
220
0.0
230
1.0
  2
SOLID
 70
1
 71
1
 91
1
 92
3
 72
0
 73
1
 93
4
 10
-175.0
 20
100.0
 10
25.0
 20
100.0
 10
25.0
 20
-100.0
 10
-175.0
 20
-100.0
 97
1
330
1AD
 75
1
 76
1
 98
0
  0
LWPOLYLINE
  5
1AF
102
{ACAD_REACTORS
330
1B0
102
}
330
17
100
AcDbEntity
  8
EX-COLUMNAS
100
AcDbPolyline
 90
4
 70
1
 10
22675.0
 20
100.0
 10
22875.0
 20
100.0
 10
22875.0
 20
-100.0
 10
22675.0
 20
-100.0
  0
HATCH
  5
1B0
330
17
100
AcDbEntity
  8
AN-RAYADO-EX
 62
7
100
AcDbHatch
 10
0.0
 20
0.0
 30
0.0
210
0.0
220
0.0
230
1.0
  2
SOLID
 70
1
 71
1
 91
1
 92
3
 72
0
 73
1
 93
4
 10
22675.0
 20
100.0
 10
22875.0
 20
100.0
 10
22875.0
 20
-100.0
 10
22675.0
 20
-100.0
 97
1
330
1AF
 75
1
 76
1
 98
0
  0
LWPOLYLINE
  5
1B1
102
{ACAD_REACTORS
330
1B2
102
}
330
17
100
AcDbEntity
  8
EX-COLUMNAS
100
AcDbPolyline
 90
4
 70
1
 10
9250.0
 20
-8975.0
 10
9450.0
 20
-8975.0
 10
9450.0
 20
-9175.0
 10
9250.0
 20
-9175.0
  0
HATCH
  5
1B2
330
17
100
AcDbEntity
  8
AN-RAYADO-EX
 62
7
100
AcDbHatch
 10
0.0
 20
0.0
 30
0.0
210
0.0
220
0.0
230
1.0
  2
SOLID
 70
1
 71
1
 91
1
 92
3
 72
0
 73
1
 93
4
 10
9250.0
 20
-8975.0
 10
9450.0
 20
-8975.0
 10
9450.0
 20
-9175.0
 10
9250.0
 20
-9175.0
 97
1
330
1B1
 75
1
 76
1
 98
0
  0
LWPOLYLINE
  5
1B3
102
{ACAD_REACTORS
330
1B4
102
}
330
17
100
AcDbEntity
  8
EX-COLUMNAS
100
AcDbPolyline
 90
4
 70
1
 10
13250.0
 20
-8975.0
 10
13450.0
 20
-8975.0
 10
13450.0
 20
-9175.0
 10
13250.0
 20
-9175.0
  0
HATCH
  5
1B4
330
17
100
AcDbEntity
  8
AN-RAYADO-EX
 62
7
100
AcDbHatch
 10
0.0
 20
0.0
 30
0.0
210
0.0
220
0.0
230
1.0
  2
SOLID
 70
1
 71
1
 91
1
 92
3
 72
0
 73
1
 93
4
 10
13250.0
 20
-8975.0
 10
13450.0
 20
-8975.0
 10
13450.0
 20
-9175.0
 10
13250.0
 20
-9175.0
 97
1
330
1B3
 75
1
 76
1
 98
0
  0
LWPOLYLINE
  5
1B5
102
{ACAD_REACTORS
330
1B6
102
}
330
17
100
AcDbEntity
  8
EX-COLUMNAS
100
AcDbPolyline
 90
4
 70
1
 10
-175.0
 20
-8975.0
 10
25.0
 20
-8975.0
 10
25.0
 20
-9175.0
 10
-175.0
 20
-9175.0
  0
HATCH
  5
1B6
330
17
100
AcDbEntity
  8
AN-RAYADO-EX
 62
7
100
AcDbHatch
 10
0.0
 20
0.0
 30
0.0
210
0.0
220
0.0
230
1.0
  2
SOLID
 70
1
 71
1
 91
1
 92
3
 72
0
 73
1
 93
4
 10
-175.0
 20
-8975.0
 10
25.0
 20
-8975.0
 10
25.0
 20
-9175.0
 10
-175.0
 20
-9175.0
 97
1
330
1B5
 75
1
 76
1
 98
0
  0
LWPOLYLINE
  5
1B7
102
{ACAD_REACTORS
330
1B8
102
}
330
17
100
AcDbEntity
  8
EX-COLUMNAS
100
AcDbPolyline
 90
4
 70
1
 10
22675.0
 20
-8975.0
 10
22875.0
 20
-8975.0
 10
22875.0
 20
-9175.0
 10
22675.0
 20
-9175.0
  0
HATCH
  5
1B8
330
17
100
AcDbEntity
  8
AN-RAYADO-EX
 62
7
100
AcDbHatch
 10
0.0
 20
0.0
 30
0.0
210
0.0
220
0.0
230
1.0
  2
SOLID
 70
1
 71
1
 91
1
 92
3
 72
0
 73
1
 93
4
 10
22675.0
 20
-8975.0
 10
22875.0
 20
-8975.0
 10
22875.0
 20
-9175.0
 10
22675.0
 20
-9175.0
 97
1
330
1B7
 75
1
 76
1
 98
0
  0
LWPOLYLINE
  5
1B9
102
{ACAD_REACTORS
330
1BA
102
}
330
17
100
AcDbEntity
  8
EX-COLUMNAS
100
AcDbPolyline
 90
4
 70
1
 10
9250.0
 20
-13475.0
 10
9450.0
 20
-13475.0
 10
9450.0
 20
-13675.0
 10
9250.0
 20
-13675.0
  0
HATCH
  5
1BA
330
17
100
AcDbEntity
  8
AN-RAYADO-EX
 62
7
100
AcDbHatch
 10
0.0
 20
0.0
 30
0.0
210
0.0
220
0.0
230
1.0
  2
SOLID
 70
1
 71
1
 91
1
 92
3
 72
0
 73
1
 93
4
 10
9250.0
 20
-13475.0
 10
9450.0
 20
-13475.0
 10
9450.0
 20
-13675.0
 10
9250.0
 20
-13675.0
 97
1
330
1B9
 75
1
 76
1
 98
0
  0
LWPOLYLINE
  5
1BB
102
{ACAD_REACTORS
330
1BC
102
}
330
17
100
AcDbEntity
  8
EX-COLUMNAS
100
AcDbPolyline
 90
4
 70
1
 10
13250.0
 20
-13475.0
 10
13450.0
 20
-13475.0
 10
13450.0
 20
-13675.0
 10
13250.0
 20
-13675.0
  0
HATCH
  5
1BC
330
17
100
AcDbEntity
  8
AN-RAYADO-EX
 62
7
100
AcDbHatch
 10
0.0
 20
0.0
 30
0.0
210
0.0
220
0.0
230
1.0
  2
SOLID
 70
1
 71
1
 91
1
 92
3
 72
0
 73
1
 93
4
 10
13250.0
 20
-13475.0
 10
13450.0
 20
-13475.0
 10
13450.0
 20
-13675.0
 10
13250.0
 20
-13675.0
 97
1
330
1BB
 75
1
 76
1
 98
0
  0
LWPOLYLINE
  5
1BD
102
{ACAD_REACTORS
330
1BE
102
}
330
17
100
AcDbEntity
  8
EX-COLUMNAS
100
AcDbPolyline
 90
4
 70
1
 10
-175.0
 20
-13475.0
 10
25.0
 20
-13475.0
 10
25.0
 20
-13675.0
 10
-175.0
 20
-13675.0
  0
HATCH
  5
1BE
330
17
100
AcDbEntity
  8
AN-RAYADO-EX
 62
7
100
AcDbHatch
 10
0.0
 20
0.0
 30
0.0
210
0.0
220
0.0
230
1.0
  2
SOLID
 70
1
 71
1
 91
1
 92
3
 72
0
 73
1
 93
4
 10
-175.0
 20
-13475.0
 10
25.0
 20
-13475.0
 10
25.0
 20
-13675.0
 10
-175.0
 20
-13675.0
 97
1
330
1BD
 75
1
 76
1
 98
0
  0
LWPOLYLINE
  5
1BF
102
{ACAD_REACTORS
330
1C0
102
}
330
17
100
AcDbEntity
  8
EX-COLUMNAS
100
AcDbPolyline
 90
4
 70
1
 10
22675.0
 20
-13475.0
 10
22875.0
 20
-13475.0
 10
22875.0
 20
-13675.0
 10
22675.0
 20
-13675.0
  0
HATCH
  5
1C0
330
17
100
AcDbEntity
  8
AN-RAYADO-EX
 62
7
100
AcDbHatch
 10
0.0
 20
0.0
 30
0.0
210
0.0
220
0.0
230
1.0
  2
SOLID
 70
1
 71
1
 91
1
 92
3
 72
0
 73
1
 93
4
 10
22675.0
 20
-13475.0
 10
22875.0
 20
-13475.0
 10
22875.0
 20
-13675.0
 10
22675.0
 20
-13675.0
 97
1
330
1BF
 75
1
 76
1
 98
0
  0
LWPOLYLINE
  5
1C1
102
{ACAD_REACTORS
330
1C2
102
}
330
17
100
AcDbEntity
  8
EX-COLUMNAS
100
AcDbPolyline
 90
4
 70
1
 10
9250.0
 20
-17975.0
 10
9450.0
 20
-17975.0
 10
9450.0
 20
-18175.0
 10
9250.0
 20
-18175.0
  0
HATCH
  5
1C2
330
17
100
AcDbEntity
  8
AN-RAYADO-EX
 62
7
100
AcDbHatch
 10
0.0
 20
0.0
 30
0.0
210
0.0
220
0.0
230
1.0
  2
SOLID
 70
1
 71
1
 91
1
 92
3
 72
0
 73
1
 93
4
 10
9250.0
 20
-17975.0
 10
9450.0
 20
-17975.0
 10
9450.0
 20
-18175.0
 10
9250.0
 20
-18175.0
 97
1
330
1C1
 75
1
 76
1
 98
0
  0
LWPOLYLINE
  5
1C3
102
{ACAD_REACTORS
330
1C4
102
}
330
17
100
AcDbEntity
  8
EX-COLUMNAS
100
AcDbPolyline
 90
4
 70
1
 10
13250.0
 20
-17975.0
 10
13450.0
 20
-17975.0
 10
13450.0
 20
-18175.0
 10
13250.0
 20
-18175.0
  0
HATCH
  5
1C4
330
17
100
AcDbEntity
  8
AN-RAYADO-EX
 62
7
100
AcDbHatch
 10
0.0
 20
0.0
 30
0.0
210
0.0
220
0.0
230
1.0
  2
SOLID
 70
1
 71
1
 91
1
 92
3
 72
0
 73
1
 93
4
 10
13250.0
 20
-17975.0
 10
13450.0
 20
-17975.0
 10
13450.0
 20
-18175.0
 10
13250.0
 20
-18175.0
 97
1
330
1C3
 75
1
 76
1
 98
0
  0
LWPOLYLINE
  5
1C5
102
{ACAD_REACTORS
330
1C6
102
}
330
17
100
AcDbEntity
  8
EX-COLUMNAS
100
AcDbPolyline
 90
4
 70
1
 10
-175.0
 20
-17975.0
 10
25.0
 20
-17975.0
 10
25.0
 20
-18175.0
 10
-175.0
 20
-18175.0
  0
HATCH
  5
1C6
330
17
100
AcDbEntity
  8
AN-RAYADO-EX
 62
7
100
AcDbHatch
 10
0.0
 20
0.0
 30
0.0
210
0.0
220
0.0
230
1.0
  2
SOLID
 70
1
 71
1
 91
1
 92
3
 72
0
 73
1
 93
4
 10
-175.0
 20
-17975.0
 10
25.0
 20
-17975.0
 10
25.0
 20
-18175.0
 10
-175.0
 20
-18175.0
 97
1
330
1C5
 75
1
 76
1
 98
0
  0
LWPOLYLINE
  5
1C7
102
{ACAD_REACTORS
330
1C8
102
}
330
17
100
AcDbEntity
  8
EX-COLUMNAS
100
AcDbPolyline
 90
4
 70
1
 10
22675.0
 20
-17975.0
 10
22875.0
 20
-17975.0
 10
22875.0
 20
-18175.0
 10
22675.0
 20
-18175.0
  0
HATCH
  5
1C8
330
17
100
AcDbEntity
  8
AN-RAYADO-EX
 62
7
100
AcDbHatch
 10
0.0
 20
0.0
 30
0.0
210
0.0
220
0.0
230
1.0
  2
SOLID
 70
1
 71
1
 91
1
 92
3
 72
0
 73
1
 93
4
 10
22675.0
 20
-17975.0
 10
22875.0
 20
-17975.0
 10
22875.0
 20
-18175.0
 10
22675.0
 20
-18175.0
 97
1
330
1C7
 75
1
 76
1
 98
0
  0
LWPOLYLINE
  5
1C9
102
{ACAD_REACTORS
330
1CA
102
}
330
17
100
AcDbEntity
  8
EX-COLUMNAS
100
AcDbPolyline
 90
4
 70
1
 10
9250.0
 20
-26975.0
 10
9450.0
 20
-26975.0
 10
9450.0
 20
-27175.0
 10
9250.0
 20
-27175.0
  0
HATCH
  5
1CA
330
17
100
AcDbEntity
  8
AN-RAYADO-EX
 62
7
100
AcDbHatch
 10
0.0
 20
0.0
 30
0.0
210
0.0
220
0.0
230
1.0
  2
SOLID
 70
1
 71
1
 91
1
 92
3
 72
0
 73
1
 93
4
 10
9250.0
 20
-26975.0
 10
9450.0
 20
-26975.0
 10
9450.0
 20
-27175.0
 10
9250.0
 20
-27175.0
 97
1
330
1C9
 75
1
 76
1
 98
0
  0
LWPOLYLINE
  5
1CB
102
{ACAD_REACTORS
330
1CC
102
}
330
17
100
AcDbEntity
  8
EX-COLUMNAS
100
AcDbPolyline
 90
4
 70
1
 10
13250.0
 20
-26975.0
 10
13450.0
 20
-26975.0
 10
13450.0
 20
-27175.0
 10
13250.0
 20
-27175.0
  0
HATCH
  5
1CC
330
17
100
AcDbEntity
  8
AN-RAYADO-EX
 62
7
100
AcDbHatch
 10
0.0
 20
0.0
 30
0.0
210
0.0
220
0.0
230
1.0
  2
SOLID
 70
1
 71
1
 91
1
 92
3
 72
0
 73
1
 93
4
 10
13250.0
 20
-26975.0
 10
13450.0
 20
-26975.0
 10
13450.0
 20
-27175.0
 10
13250.0
 20
-27175.0
 97
1
330
1CB
 75
1
 76
1
 98
0
  0
LWPOLYLINE
  5
1CD
102
{ACAD_REACTORS
330
1CE
102
}
330
17
100
AcDbEntity
  8
EX-COLUMNAS
100
AcDbPolyline
 90
4
 70
1
 10
-175.0
 20
-26975.0
 10
25.0
 20
-26975.0
 10
25.0
 20
-27175.0
 10
-175.0
 20
-27175.0
  0
HATCH
  5
1CE
330
17
100
AcDbEntity
  8
AN-RAYADO-EX
 62
7
100
AcDbHatch
 10
0.0
 20
0.0
 30
0.0
210
0.0
220
0.0
230
1.0
  2
SOLID
 70
1
 71
1
 91
1
 92
3
 72
0
 73
1
 93
4
 10
-175.0
 20
-26975.0
 10
25.0
 20
-26975.0
 10
25.0
 20
-27175.0
 10
-175.0
 20
-27175.0
 97
1
330
1CD
 75
1
 76
1
 98
0
  0
LWPOLYLINE
  5
1CF
102
{ACAD_REACTORS
330
1D0
102
}
330
17
100
AcDbEntity
  8
EX-COLUMNAS
100
AcDbPolyline
 90
4
 70
1
 10
22675.0
 20
-26975.0
 10
22875.0
 20
-26975.0
 10
22875.0
 20
-27175.0
 10
22675.0
 20
-27175.0
  0
HATCH
  5
1D0
330
17
100
AcDbEntity
  8
AN-RAYADO-EX
 62
7
100
AcDbHatch
 10
0.0
 20
0.0
 30
0.0
210
0.0
220
0.0
230
1.0
  2
SOLID
 70
1
 71
1
 91
1
 92
3
 72
0
 73
1
 93
4
 10
22675.0
 20
-26975.0
 10
22875.0
 20
-26975.0
 10
22875.0
 20
-27175.0
 10
22675.0
 20
-27175.0
 97
1
330
1CF
 75
1
 76
1
 98
0
  0
LWPOLYLINE
  5
1D1
102
{ACAD_REACTORS
330
1D2
102
}
330
17
100
AcDbEntity
  8
EX-COLUMNAS
100
AcDbPolyline
 90
4
 70
1
 10
9250.0
 20
-36050.0
 10
9450.0
 20
-36050.0
 10
9450.0
 20
-36250.0
 10
9250.0
 20
-36250.0
  0
HATCH
  5
1D2
330
17
100
AcDbEntity
  8
AN-RAYADO-EX
 62
7
100
AcDbHatch
 10
0.0
 20
0.0
 30
0.0
210
0.0
220
0.0
230
1.0
  2
SOLID
 70
1
 71
1
 91
1
 92
3
 72
0
 73
1
 93
4
 10
9250.0
 20
-36050.0
 10
9450.0
 20
-36050.0
 10
9450.0
 20
-36250.0
 10
9250.0
 20
-36250.0
 97
1
330
1D1
 75
1
 76
1
 98
0
  0
LWPOLYLINE
  5
1D3
102
{ACAD_REACTORS
330
1D4
102
}
330
17
100
AcDbEntity
  8
EX-COLUMNAS
100
AcDbPolyline
 90
4
 70
1
 10
13250.0
 20
-36050.0
 10
13450.0
 20
-36050.0
 10
13450.0
 20
-36250.0
 10
13250.0
 20
-36250.0
  0
HATCH
  5
1D4
330
17
100
AcDbEntity
  8
AN-RAYADO-EX
 62
7
100
AcDbHatch
 10
0.0
 20
0.0
 30
0.0
210
0.0
220
0.0
230
1.0
  2
SOLID
 70
1
 71
1
 91
1
 92
3
 72
0
 73
1
 93
4
 10
13250.0
 20
-36050.0
 10
13450.0
 20
-36050.0
 10
13450.0
 20
-36250.0
 10
13250.0
 20
-36250.0
 97
1
330
1D3
 75
1
 76
1
 98
0
  0
LWPOLYLINE
  5
1D5
102
{ACAD_REACTORS
330
1D6
102
}
330
17
100
AcDbEntity
  8
EX-COLUMNAS
100
AcDbPolyline
 90
4
 70
1
 10
-175.0
 20
-36050.0
 10
25.0
 20
-36050.0
 10
25.0
 20
-36250.0
 10
-175.0
 20
-36250.0
  0
HATCH
  5
1D6
330
17
100
AcDbEntity
  8
AN-RAYADO-EX
 62
7
100
AcDbHatch
 10
0.0
 20
0.0
 30
0.0
210
0.0
220
0.0
230
1.0
  2
SOLID
 70
1
 71
1
 91
1
 92
3
 72
0
 73
1
 93
4
 10
-175.0
 20
-36050.0
 10
25.0
 20
-36050.0
 10
25.0
 20
-36250.0
 10
-175.0
 20
-36250.0
 97
1
330
1D5
 75
1
 76
1
 98
0
  0
LWPOLYLINE
  5
1D7
102
{ACAD_REACTORS
330
1D8
102
}
330
17
100
AcDbEntity
  8
EX-COLUMNAS
100
AcDbPolyline
 90
4
 70
1
 10
22675.0
 20
-36050.0
 10
22875.0
 20
-36050.0
 10
22875.0
 20
-36250.0
 10
22675.0
 20
-36250.0
  0
HATCH
  5
1D8
330
17
100
AcDbEntity
  8
AN-RAYADO-EX
 62
7
100
AcDbHatch
 10
0.0
 20
0.0
 30
0.0
210
0.0
220
0.0
230
1.0
  2
SOLID
 70
1
 71
1
 91
1
 92
3
 72
0
 73
1
 93
4
 10
22675.0
 20
-36050.0
 10
22875.0
 20
-36050.0
 10
22875.0
 20
-36250.0
 10
22675.0
 20
-36250.0
 97
1
330
1D7
 75
1
 76
1
 98
0
  0
LINE
  5
1D9
330
17
100
AcDbEntity
  8
G-EJES
100
AcDbLine
 10
-2500.0
 20
0.0
 30
0.0
 11
25200.0
 21
0.0
 31
0.0
  0
LINE
  5
1DA
330
17
100
AcDbEntity
  8
G-EJES
100
AcDbLine
 10
-2500.0
 20
-9075.0
 30
0.0
 11
25200.0
 21
-9075.0
 31
0.0
  0
LINE
  5
1DB
330
17
100
AcDbEntity
  8
G-EJES
100
AcDbLine
 10
-2500.0
 20
-13575.0
 30
0.0
 11
25200.0
 21
-13575.0
 31
0.0
  0
LINE
  5
1DC
330
17
100
AcDbEntity
  8
G-EJES
100
AcDbLine
 10
-2500.0
 20
-18075.0
 30
0.0
 11
25200.0
 21
-18075.0
 31
0.0
  0
LINE
  5
1DD
330
17
100
AcDbEntity
  8
G-EJES
100
AcDbLine
 10
-2500.0
 20
-27075.0
 30
0.0
 11
25200.0
 21
-27075.0
 31
0.0
  0
LINE
  5
1DE
330
17
100
AcDbEntity
  8
G-EJES
100
AcDbLine
 10
-2500.0
 20
-36150.0
 30
0.0
 11
25200.0
 21
-36150.0
 31
0.0
  0
LINE
  5
1DF
330
17
100
AcDbEntity
  8
G-EJES
100
AcDbLine
 10
9350.0
 20
2500.0
 30
0.0
 11
9350.0
 21
-38825.0
 31
0.0
  0
LINE
  5
1E0
330
17
100
AcDbEntity
  8
G-EJES
100
AcDbLine
 10
11350.0
 20
2500.0
 30
0.0
 11
11350.0
 21
-38825.0
 31
0.0
  0
LINE
  5
1E1
330
17
100
AcDbEntity
  8
G-EJES
100
AcDbLine
 10
13350.0
 20
2500.0
 30
0.0
 11
13350.0
 21
-38825.0
 31
0.0
  0
LWPOLYLINE
  5
1E2
102
{ACAD_REACTORS
330
1E3
102
}
330
17
100
AcDbEntity
  8
EX-HORMIGON-CORTE
100
AcDbPolyline
 90
4
 70
1
 10
0.0
 20
59850.0
 10
22700.0
 20
59850.0
 10
22700.0
 20
60000.0
 10
0.0
 20
60000.0
  0
HATCH
  5
1E3
330
17
100
AcDbEntity
  8
AN-RAYADO-EX
100
AcDbHatch
 10
0.0
 20
0.0
 30
0.0
210
0.0
220
0.0
230
1.0
  2
AR-CONC
 70
0
 71
1
 91
1
 92
3
 72
0
 73
1
 93
4
 10
0.0
 20
59850.0
 10
22700.0
 20
59850.0
 10
22700.0
 20
60000.0
 10
0.0
 20
60000.0
 97
1
330
1E2
 75
1
 76
1
 52
0.0
 41
1.5
 77
0
 78
13
 53
50.0
 43
0.0
 44
0.0
 45
273.277003494
 46
-23.9086283083
 79
2
 49
28.575
 49
-314.325
 53
355.0
 43
0.0
 44
0.0
 45
-52.8651321375
 46
286.5852678585
 79
2
 49
22.86
 49
-251.460876255
 53
100.4514447
 43
22.7730105
 44
-1.99238025
 45
220.4118706356
 46
262.6766278683
 79
2
 49
24.2850132
 49
-267.1353669
 53
46.1842
 43
0.0
 44
76.2
 45
406.6185613382
 46
-63.063491899
 79
2
 49
42.8625
 49
-471.4875
 53
96.63555761
 43
33.88485
 44
70.94475
 45
356.1062010772
 46
371.1391868966
 79
2
 49
36.42753471
 49
-400.70341224
 53
351.18415117
 43
0.0
 44
76.2
 45
356.1062010975
 46
371.1391868782
 79
2
 49
34.289950605
 49
-377.18959788
 53
21.0
 43
38.1
 44
57.15
 45
227.4215869036
 46
-153.3977972806
 79
2
 49
28.575
 49
-314.325
 53
326.0
 43
38.1
 44
57.15
 45
92.7030425214
 46
276.2819491835
 79
2
 49
22.86
 49
-251.46
 53
71.451445
 43
57.0517989
 44
44.36685015
 45
320.1246289181
 46
122.8841533289
 79
2
 49
24.2850132
 49
-267.1349064
 53
37.5
 43
0.0
 44
0.0
 45
4.6329048759
 46
126.8325583098
 79
6
 49
0.0
 49
-248.412
 49
0.0
 49
-255.27
 49
0.0
 49
-252.4125
 53
7.5
 43
0.0
 44
0.0
 45
100.2294937655
 46
150.2708622271
 79
6
 49
0.0
 49
-145.542
 49
0.0
 49
-242.697
 49
0.0
 49
-96.2025
 53
-32.5
 43
-84.963
 44
0.0
 45
203.3858927503
 46
-8.5931159891
 79
6
 49
0.0
 49
-95.25
 49
0.0
 49
-297.18
 49
0.0
 49
-394.335
 53
-42.5
 43
-123.063
 44
0.0
 45
222.193772079
 46
38.13973655
 79
6
 49
0.0
 49
-123.825
 49
0.0
 49
-197.358
 49
0.0
 49
-280.035
 98
0
  0
LWPOLYLINE
  5
1E4
102
{ACAD_REACTORS
330
1E5
102
}
330
17
100
AcDbEntity
  8
EX-TERRENO
100
AcDbPolyline
 90
4
 70
1
 10
0.0
 20
59700.0
 10
22700.0
 20
59700.0
 10
22700.0
 20
59850.0
 10
0.0
 20
59850.0
  0
HATCH
  5
1E5
330
17
100
AcDbEntity
  8
AN-RAYADO-EX
100
AcDbHatch
 10
0.0
 20
0.0
 30
0.0
210
0.0
220
0.0
230
1.0
  2
EARTH
 70
0
 71
1
 91
1
 92
3
 72
0
 73
1
 93
4
 10
0.0
 20
59700.0
 10
22700.0
 20
59700.0
 10
22700.0
 20
59850.0
 10
0.0
 20
59850.0
 97
1
330
1E4
 75
1
 76
1
 52
0.0
 41
22.5
 77
0
 78
6
 53
0.0
 43
0.0
 44
0.0
 45
142.875
 46
142.875
 79
2
 49
142.875
 49
-142.875
 53
0.0
 43
0.0
 44
53.578125
 45
142.875
 46
142.875
 79
2
 49
142.875
 49
-142.875
 53
0.0
 43
0.0
 44
107.15625
 45
142.875
 46
142.875
 79
2
 49
142.875
 49
-142.875
 53
90.0
 43
17.859375
 44
125.015625
 45
-142.875
 46
142.875
 79
2
 49
142.875
 49
-142.875
 53
90.0
 43
71.4375
 44
125.015625
 45
-142.875
 46
142.875
 79
2
 49
142.875
 49
-142.875
 53
90.0
 43
125.015625
 44
125.015625
 45
-142.875
 46
142.875
 79
2
 49
142.875
 49
-142.875
 98
0
  0
LWPOLYLINE
  5
1E6
102
{ACAD_REACTORS
330
1E7
102
}
330
17
100
AcDbEntity
  8
EX-HORMIGON-CORTE
100
AcDbPolyline
 90
4
 70
1
 10
-150.0
 20
59650.0
 10
0.0
 20
59650.0
 10
0.0
 20
63900.0
 10
-150.0
 20
63900.0
  0
HATCH
  5
1E7
330
17
100
AcDbEntity
  8
AN-RAYADO-EX
100
AcDbHatch
 10
0.0
 20
0.0
 30
0.0
210
0.0
220
0.0
230
1.0
  2
AR-CONC
 70
0
 71
1
 91
1
 92
3
 72
0
 73
1
 93
4
 10
-150.0
 20
59650.0
 10
0.0
 20
59650.0
 10
0.0
 20
63900.0
 10
-150.0
 20
63900.0
 97
1
330
1E6
 75
1
 76
1
 52
0.0
 41
1.5
 77
0
 78
13
 53
50.0
 43
0.0
 44
0.0
 45
273.277003494
 46
-23.9086283083
 79
2
 49
28.575
 49
-314.325
 53
355.0
 43
0.0
 44
0.0
 45
-52.8651321375
 46
286.5852678585
 79
2
 49
22.86
 49
-251.460876255
 53
100.4514447
 43
22.7730105
 44
-1.99238025
 45
220.4118706356
 46
262.6766278683
 79
2
 49
24.2850132
 49
-267.1353669
 53
46.1842
 43
0.0
 44
76.2
 45
406.6185613382
 46
-63.063491899
 79
2
 49
42.8625
 49
-471.4875
 53
96.63555761
 43
33.88485
 44
70.94475
 45
356.1062010772
 46
371.1391868966
 79
2
 49
36.42753471
 49
-400.70341224
 53
351.18415117
 43
0.0
 44
76.2
 45
356.1062010975
 46
371.1391868782
 79
2
 49
34.289950605
 49
-377.18959788
 53
21.0
 43
38.1
 44
57.15
 45
227.4215869036
 46
-153.3977972806
 79
2
 49
28.575
 49
-314.325
 53
326.0
 43
38.1
 44
57.15
 45
92.7030425214
 46
276.2819491835
 79
2
 49
22.86
 49
-251.46
 53
71.451445
 43
57.0517989
 44
44.36685015
 45
320.1246289181
 46
122.8841533289
 79
2
 49
24.2850132
 49
-267.1349064
 53
37.5
 43
0.0
 44
0.0
 45
4.6329048759
 46
126.8325583098
 79
6
 49
0.0
 49
-248.412
 49
0.0
 49
-255.27
 49
0.0
 49
-252.4125
 53
7.5
 43
0.0
 44
0.0
 45
100.2294937655
 46
150.2708622271
 79
6
 49
0.0
 49
-145.542
 49
0.0
 49
-242.697
 49
0.0
 49
-96.2025
 53
-32.5
 43
-84.963
 44
0.0
 45
203.3858927503
 46
-8.5931159891
 79
6
 49
0.0
 49
-95.25
 49
0.0
 49
-297.18
 49
0.0
 49
-394.335
 53
-42.5
 43
-123.063
 44
0.0
 45
222.193772079
 46
38.13973655
 79
6
 49
0.0
 49
-123.825
 49
0.0
 49
-197.358
 49
0.0
 49
-280.035
 98
0
  0
LWPOLYLINE
  5
1E8
102
{ACAD_REACTORS
330
1E9
102
}
330
17
100
AcDbEntity
  8
EX-HORMIGON-CORTE
100
AcDbPolyline
 90
4
 70
1
 10
-450.0
 20
59500.0
 10
0.0
 20
59500.0
 10
0.0
 20
59650.0
 10
-450.0
 20
59650.0
  0
HATCH
  5
1E9
330
17
100
AcDbEntity
  8
AN-RAYADO-EX
100
AcDbHatch
 10
0.0
 20
0.0
 30
0.0
210
0.0
220
0.0
230
1.0
  2
AR-CONC
 70
0
 71
1
 91
1
 92
3
 72
0
 73
1
 93
4
 10
-450.0
 20
59500.0
 10
0.0
 20
59500.0
 10
0.0
 20
59650.0
 10
-450.0
 20
59650.0
 97
1
330
1E8
 75
1
 76
1
 52
0.0
 41
1.5
 77
0
 78
13
 53
50.0
 43
0.0
 44
0.0
 45
273.277003494
 46
-23.9086283083
 79
2
 49
28.575
 49
-314.325
 53
355.0
 43
0.0
 44
0.0
 45
-52.8651321375
 46
286.5852678585
 79
2
 49
22.86
 49
-251.460876255
 53
100.4514447
 43
22.7730105
 44
-1.99238025
 45
220.4118706356
 46
262.6766278683
 79
2
 49
24.2850132
 49
-267.1353669
 53
46.1842
 43
0.0
 44
76.2
 45
406.6185613382
 46
-63.063491899
 79
2
 49
42.8625
 49
-471.4875
 53
96.63555761
 43
33.88485
 44
70.94475
 45
356.1062010772
 46
371.1391868966
 79
2
 49
36.42753471
 49
-400.70341224
 53
351.18415117
 43
0.0
 44
76.2
 45
356.1062010975
 46
371.1391868782
 79
2
 49
34.289950605
 49
-377.18959788
 53
21.0
 43
38.1
 44
57.15
 45
227.4215869036
 46
-153.3977972806
 79
2
 49
28.575
 49
-314.325
 53
326.0
 43
38.1
 44
57.15
 45
92.7030425214
 46
276.2819491835
 79
2
 49
22.86
 49
-251.46
 53
71.451445
 43
57.0517989
 44
44.36685015
 45
320.1246289181
 46
122.8841533289
 79
2
 49
24.2850132
 49
-267.1349064
 53
37.5
 43
0.0
 44
0.0
 45
4.6329048759
 46
126.8325583098
 79
6
 49
0.0
 49
-248.412
 49
0.0
 49
-255.27
 49
0.0
 49
-252.4125
 53
7.5
 43
0.0
 44
0.0
 45
100.2294937655
 46
150.2708622271
 79
6
 49
0.0
 49
-145.542
 49
0.0
 49
-242.697
 49
0.0
 49
-96.2025
 53
-32.5
 43
-84.963
 44
0.0
 45
203.3858927503
 46
-8.5931159891
 79
6
 49
0.0
 49
-95.25
 49
0.0
 49
-297.18
 49
0.0
 49
-394.335
 53
-42.5
 43
-123.063
 44
0.0
 45
222.193772079
 46
38.13973655
 79
6
 49
0.0
 49
-123.825
 49
0.0
 49
-197.358
 49
0.0
 49
-280.035
 98
0
  0
LINE
  5
1EA
330
17
100
AcDbEntity
  8
EX-CERRAMIENTO
370
35
100
AcDbLine
 10
-170.0
 20
63850.0
 30
0.0
 11
-170.0
 21
65550.0
 31
0.0
  0
LWPOLYLINE
  5
1EB
102
{ACAD_REACTORS
330
1EC
102
}
330
17
100
AcDbEntity
  8
EX-MADERA
100
AcDbPolyline
 90
4
 70
1
 10
-165.0
 20
64300.0
 10
-115.0
 20
64300.0
 10
-115.0
 20
64375.0
 10
-165.0
 20
64375.0
  0
HATCH
  5
1EC
330
17
100
AcDbEntity
  8
AN-RAYADO-EX
100
AcDbHatch
 10
0.0
 20
0.0
 30
0.0
210
0.0
220
0.0
230
1.0
  2
SOLID
 70
1
 71
1
 91
1
 92
3
 72
0
 73
1
 93
4
 10
-165.0
 20
64300.0
 10
-115.0
 20
64300.0
 10
-115.0
 20
64375.0
 10
-165.0
 20
64375.0
 97
1
330
1EB
 75
1
 76
1
 98
0
  0
LWPOLYLINE
  5
1ED
102
{ACAD_REACTORS
330
1EE
102
}
330
17
100
AcDbEntity
  8
EX-MADERA
100
AcDbPolyline
 90
4
 70
1
 10
-165.0
 20
65000.0
 10
-115.0
 20
65000.0
 10
-115.0
 20
65075.0
 10
-165.0
 20
65075.0
  0
HATCH
  5
1EE
330
17
100
AcDbEntity
  8
AN-RAYADO-EX
100
AcDbHatch
 10
0.0
 20
0.0
 30
0.0
210
0.0
220
0.0
230
1.0
  2
SOLID
 70
1
 71
1
 91
1
 92
3
 72
0
 73
1
 93
4
 10
-165.0
 20
65000.0
 10
-115.0
 20
65000.0
 10
-115.0
 20
65075.0
 10
-165.0
 20
65075.0
 97
1
330
1ED
 75
1
 76
1
 98
0
  0
LINE
  5
1EF
330
17
100
AcDbEntity
  8
EX-TERRENO
100
AcDbLine
 10
-1650.0
 20
59800.0
 30
0.0
 11
-150.0
 21
59800.0
 31
0.0
  0
LWPOLYLINE
  5
1F0
102
{ACAD_REACTORS
330
1F1
102
}
330
17
100
AcDbEntity
  8
EX-TERRENO
370
0
100
AcDbPolyline
 90
4
 70
1
 10
-1650.0
 20
59650.0
 10
-150.0
 20
59650.0
 10
-150.0
 20
59800.0
 10
-1650.0
 20
59800.0
  0
HATCH
  5
1F1
330
17
100
AcDbEntity
  8
AN-RAYADO-EX
100
AcDbHatch
 10
0.0
 20
0.0
 30
0.0
210
0.0
220
0.0
230
1.0
  2
EARTH
 70
0
 71
1
 91
1
 92
3
 72
0
 73
1
 93
4
 10
-1650.0
 20
59650.0
 10
-150.0
 20
59650.0
 10
-150.0
 20
59800.0
 10
-1650.0
 20
59800.0
 97
1
330
1F0
 75
1
 76
1
 52
0.0
 41
22.5
 77
0
 78
6
 53
0.0
 43
0.0
 44
0.0
 45
142.875
 46
142.875
 79
2
 49
142.875
 49
-142.875
 53
0.0
 43
0.0
 44
53.578125
 45
142.875
 46
142.875
 79
2
 49
142.875
 49
-142.875
 53
0.0
 43
0.0
 44
107.15625
 45
142.875
 46
142.875
 79
2
 49
142.875
 49
-142.875
 53
90.0
 43
17.859375
 44
125.015625
 45
-142.875
 46
142.875
 79
2
 49
142.875
 49
-142.875
 53
90.0
 43
71.4375
 44
125.015625
 45
-142.875
 46
142.875
 79
2
 49
142.875
 49
-142.875
 53
90.0
 43
125.015625
 44
125.015625
 45
-142.875
 46
142.875
 79
2
 49
142.875
 49
-142.875
 98
0
  0
LWPOLYLINE
  5
1F2
102
{ACAD_REACTORS
330
1F3
102
}
330
17
100
AcDbEntity
  8
EX-HORMIGON-CORTE
100
AcDbPolyline
 90
4
 70
1
 10
22700.0
 20
59650.0
 10
22850.0
 20
59650.0
 10
22850.0
 20
63900.0
 10
22700.0
 20
63900.0
  0
HATCH
  5
1F3
330
17
100
AcDbEntity
  8
AN-RAYADO-EX
100
AcDbHatch
 10
0.0
 20
0.0
 30
0.0
210
0.0
220
0.0
230
1.0
  2
AR-CONC
 70
0
 71
1
 91
1
 92
3
 72
0
 73
1
 93
4
 10
22700.0
 20
59650.0
 10
22850.0
 20
59650.0
 10
22850.0
 20
63900.0
 10
22700.0
 20
63900.0
 97
1
330
1F2
 75
1
 76
1
 52
0.0
 41
1.5
 77
0
 78
13
 53
50.0
 43
0.0
 44
0.0
 45
273.277003494
 46
-23.9086283083
 79
2
 49
28.575
 49
-314.325
 53
355.0
 43
0.0
 44
0.0
 45
-52.8651321375
 46
286.5852678585
 79
2
 49
22.86
 49
-251.460876255
 53
100.4514447
 43
22.7730105
 44
-1.99238025
 45
220.4118706356
 46
262.6766278683
 79
2
 49
24.2850132
 49
-267.1353669
 53
46.1842
 43
0.0
 44
76.2
 45
406.6185613382
 46
-63.063491899
 79
2
 49
42.8625
 49
-471.4875
 53
96.63555761
 43
33.88485
 44
70.94475
 45
356.1062010772
 46
371.1391868966
 79
2
 49
36.42753471
 49
-400.70341224
 53
351.18415117
 43
0.0
 44
76.2
 45
356.1062010975
 46
371.1391868782
 79
2
 49
34.289950605
 49
-377.18959788
 53
21.0
 43
38.1
 44
57.15
 45
227.4215869036
 46
-153.3977972806
 79
2
 49
28.575
 49
-314.325
 53
326.0
 43
38.1
 44
57.15
 45
92.7030425214
 46
276.2819491835
 79
2
 49
22.86
 49
-251.46
 53
71.451445
 43
57.0517989
 44
44.36685015
 45
320.1246289181
 46
122.8841533289
 79
2
 49
24.2850132
 49
-267.1349064
 53
37.5
 43
0.0
 44
0.0
 45
4.6329048759
 46
126.8325583098
 79
6
 49
0.0
 49
-248.412
 49
0.0
 49
-255.27
 49
0.0
 49
-252.4125
 53
7.5
 43
0.0
 44
0.0
 45
100.2294937655
 46
150.2708622271
 79
6
 49
0.0
 49
-145.542
 49
0.0
 49
-242.697
 49
0.0
 49
-96.2025
 53
-32.5
 43
-84.963
 44
0.0
 45
203.3858927503
 46
-8.5931159891
 79
6
 49
0.0
 49
-95.25
 49
0.0
 49
-297.18
 49
0.0
 49
-394.335
 53
-42.5
 43
-123.063
 44
0.0
 45
222.193772079
 46
38.13973655
 79
6
 49
0.0
 49
-123.825
 49
0.0
 49
-197.358
 49
0.0
 49
-280.035
 98
0
  0
LWPOLYLINE
  5
1F4
102
{ACAD_REACTORS
330
1F5
102
}
330
17
100
AcDbEntity
  8
EX-HORMIGON-CORTE
100
AcDbPolyline
 90
4
 70
1
 10
22700.0
 20
59500.0
 10
23150.0
 20
59500.0
 10
23150.0
 20
59650.0
 10
22700.0
 20
59650.0
  0
HATCH
  5
1F5
330
17
100
AcDbEntity
  8
AN-RAYADO-EX
100
AcDbHatch
 10
0.0
 20
0.0
 30
0.0
210
0.0
220
0.0
230
1.0
  2
AR-CONC
 70
0
 71
1
 91
1
 92
3
 72
0
 73
1
 93
4
 10
22700.0
 20
59500.0
 10
23150.0
 20
59500.0
 10
23150.0
 20
59650.0
 10
22700.0
 20
59650.0
 97
1
330
1F4
 75
1
 76
1
 52
0.0
 41
1.5
 77
0
 78
13
 53
50.0
 43
0.0
 44
0.0
 45
273.277003494
 46
-23.9086283083
 79
2
 49
28.575
 49
-314.325
 53
355.0
 43
0.0
 44
0.0
 45
-52.8651321375
 46
286.5852678585
 79
2
 49
22.86
 49
-251.460876255
 53
100.4514447
 43
22.7730105
 44
-1.99238025
 45
220.4118706356
 46
262.6766278683
 79
2
 49
24.2850132
 49
-267.1353669
 53
46.1842
 43
0.0
 44
76.2
 45
406.6185613382
 46
-63.063491899
 79
2
 49
42.8625
 49
-471.4875
 53
96.63555761
 43
33.88485
 44
70.94475
 45
356.1062010772
 46
371.1391868966
 79
2
 49
36.42753471
 49
-400.70341224
 53
351.18415117
 43
0.0
 44
76.2
 45
356.1062010975
 46
371.1391868782
 79
2
 49
34.289950605
 49
-377.18959788
 53
21.0
 43
38.1
 44
57.15
 45
227.4215869036
 46
-153.3977972806
 79
2
 49
28.575
 49
-314.325
 53
326.0
 43
38.1
 44
57.15
 45
92.7030425214
 46
276.2819491835
 79
2
 49
22.86
 49
-251.46
 53
71.451445
 43
57.0517989
 44
44.36685015
 45
320.1246289181
 46
122.8841533289
 79
2
 49
24.2850132
 49
-267.1349064
 53
37.5
 43
0.0
 44
0.0
 45
4.6329048759
 46
126.8325583098
 79
6
 49
0.0
 49
-248.412
 49
0.0
 49
-255.27
 49
0.0
 49
-252.4125
 53
7.5
 43
0.0
 44
0.0
 45
100.2294937655
 46
150.2708622271
 79
6
 49
0.0
 49
-145.542
 49
0.0
 49
-242.697
 49
0.0
 49
-96.2025
 53
-32.5
 43
-84.963
 44
0.0
 45
203.3858927503
 46
-8.5931159891
 79
6
 49
0.0
 49
-95.25
 49
0.0
 49
-297.18
 49
0.0
 49
-394.335
 53
-42.5
 43
-123.063
 44
0.0
 45
222.193772079
 46
38.13973655
 79
6
 49
0.0
 49
-123.825
 49
0.0
 49
-197.358
 49
0.0
 49
-280.035
 98
0
  0
LINE
  5
1F6
330
17
100
AcDbEntity
  8
EX-CERRAMIENTO
370
35
100
AcDbLine
 10
22870.0
 20
63850.0
 30
0.0
 11
22870.0
 21
65700.0
 31
0.0
  0
LWPOLYLINE
  5
1F7
102
{ACAD_REACTORS
330
1F8
102
}
330
17
100
AcDbEntity
  8
EX-MADERA
100
AcDbPolyline
 90
4
 70
1
 10
22815.0
 20
64300.0
 10
22865.0
 20
64300.0
 10
22865.0
 20
64375.0
 10
22815.0
 20
64375.0
  0
HATCH
  5
1F8
330
17
100
AcDbEntity
  8
AN-RAYADO-EX
100
AcDbHatch
 10
0.0
 20
0.0
 30
0.0
210
0.0
220
0.0
230
1.0
  2
SOLID
 70
1
 71
1
 91
1
 92
3
 72
0
 73
1
 93
4
 10
22815.0
 20
64300.0
 10
22865.0
 20
64300.0
 10
22865.0
 20
64375.0
 10
22815.0
 20
64375.0
 97
1
330
1F7
 75
1
 76
1
 98
0
  0
LWPOLYLINE
  5
1F9
102
{ACAD_REACTORS
330
1FA
102
}
330
17
100
AcDbEntity
  8
EX-MADERA
100
AcDbPolyline
 90
4
 70
1
 10
22815.0
 20
65000.0
 10
22865.0
 20
65000.0
 10
22865.0
 20
65075.0
 10
22815.0
 20
65075.0
  0
HATCH
  5
1FA
330
17
100
AcDbEntity
  8
AN-RAYADO-EX
100
AcDbHatch
 10
0.0
 20
0.0
 30
0.0
210
0.0
220
0.0
230
1.0
  2
SOLID
 70
1
 71
1
 91
1
 92
3
 72
0
 73
1
 93
4
 10
22815.0
 20
65000.0
 10
22865.0
 20
65000.0
 10
22865.0
 20
65075.0
 10
22815.0
 20
65075.0
 97
1
330
1F9
 75
1
 76
1
 98
0
  0
LINE
  5
1FB
330
17
100
AcDbEntity
  8
EX-TERRENO
100
AcDbLine
 10
22850.0
 20
59800.0
 30
0.0
 11
24350.0
 21
59800.0
 31
0.0
  0
LWPOLYLINE
  5
1FC
102
{ACAD_REACTORS
330
1FD
102
}
330
17
100
AcDbEntity
  8
EX-TERRENO
370
0
100
AcDbPolyline
 90
4
 70
1
 10
22850.0
 20
59650.0
 10
24350.0
 20
59650.0
 10
24350.0
 20
59800.0
 10
22850.0
 20
59800.0
  0
HATCH
  5
1FD
330
17
100
AcDbEntity
  8
AN-RAYADO-EX
100
AcDbHatch
 10
0.0
 20
0.0
 30
0.0
210
0.0
220
0.0
230
1.0
  2
EARTH
 70
0
 71
1
 91
1
 92
3
 72
0
 73
1
 93
4
 10
22850.0
 20
59650.0
 10
24350.0
 20
59650.0
 10
24350.0
 20
59800.0
 10
22850.0
 20
59800.0
 97
1
330
1FC
 75
1
 76
1
 52
0.0
 41
22.5
 77
0
 78
6
 53
0.0
 43
0.0
 44
0.0
 45
142.875
 46
142.875
 79
2
 49
142.875
 49
-142.875
 53
0.0
 43
0.0
 44
53.578125
 45
142.875
 46
142.875
 79
2
 49
142.875
 49
-142.875
 53
0.0
 43
0.0
 44
107.15625
 45
142.875
 46
142.875
 79
2
 49
142.875
 49
-142.875
 53
90.0
 43
17.859375
 44
125.015625
 45
-142.875
 46
142.875
 79
2
 49
142.875
 49
-142.875
 53
90.0
 43
71.4375
 44
125.015625
 45
-142.875
 46
142.875
 79
2
 49
142.875
 49
-142.875
 53
90.0
 43
125.015625
 44
125.015625
 45
-142.875
 46
142.875
 79
2
 49
142.875
 49
-142.875
 98
0
  0
LINE
  5
1FE
330
17
100
AcDbEntity
  8
EX-HORMIGON-VISTA
100
AcDbLine
 10
0.0
 20
63000.0
 30
0.0
 11
5700.0
 21
63000.0
 31
0.0
  0
LINE
  5
1FF
330
17
100
AcDbEntity
  8
EX-HORMIGON-VISTA
100
AcDbLine
 10
5700.0
 20
63000.0
 30
0.0
 11
9250.0
 21
63000.0
 31
0.0
  0
LINE
  5
200
330
17
100
AcDbEntity
  8
EX-HORMIGON-VISTA
100
AcDbLine
 10
9450.0
 20
63000.0
 30
0.0
 11
13250.0
 21
63000.0
 31
0.0
  0
LINE
  5
201
330
17
100
AcDbEntity
  8
EX-HORMIGON-VISTA
100
AcDbLine
 10
13450.0
 20
63000.0
 30
0.0
 11
22700.0
 21
63000.0
 31
0.0
  0
LWPOLYLINE
  5
202
330
17
100
AcDbEntity
  8
EX-MADERA
100
AcDbPolyline
 90
2
 70
0
 10
5700.0
 20
63000.0
 10
8100.0
 20
63900.0
  0
LINE
  5
203
330
17
100
AcDbEntity
  8
EX-MADERA
100
AcDbLine
 10
8100.0
 20
63900.0
 30
0.0
 11
9250.0
 21
63900.0
 31
0.0
  0
LINE
  5
204
330
17
100
AcDbEntity
  8
EX-MADERA
100
AcDbLine
 10
9450.0
 20
63900.0
 30
0.0
 11
13250.0
 21
63900.0
 31
0.0
  0
LINE
  5
205
330
17
100
AcDbEntity
  8
EX-MADERA
100
AcDbLine
 10
13450.0
 20
63900.0
 30
0.0
 11
22700.0
 21
63900.0
 31
0.0
  0
LINE
  5
206
330
17
100
AcDbEntity
  8
EX-MADERA
370
18
100
AcDbLine
 10
6500.0
 20
63300.0
 30
0.0
 11
9250.0
 21
63300.0
 31
0.0
  0
LINE
  5
207
330
17
100
AcDbEntity
  8
EX-MADERA
370
18
100
AcDbLine
 10
9450.0
 20
63300.0
 30
0.0
 11
13250.0
 21
63300.0
 31
0.0
  0
LINE
  5
208
330
17
100
AcDbEntity
  8
EX-MADERA
370
18
100
AcDbLine
 10
13450.0
 20
63300.0
 30
0.0
 11
22700.0
 21
63300.0
 31
0.0
  0
LINE
  5
209
330
17
100
AcDbEntity
  8
EX-MADERA
370
18
100
AcDbLine
 10
7300.0
 20
63600.0
 30
0.0
 11
9250.0
 21
63600.0
 31
0.0
  0
LINE
  5
20A
330
17
100
AcDbEntity
  8
EX-MADERA
370
18
100
AcDbLine
 10
9450.0
 20
63600.0
 30
0.0
 11
13250.0
 21
63600.0
 31
0.0
  0
LINE
  5
20B
330
17
100
AcDbEntity
  8
EX-MADERA
370
18
100
AcDbLine
 10
13450.0
 20
63600.0
 30
0.0
 11
22700.0
 21
63600.0
 31
0.0
  0
LINE
  5
20C
330
17
100
AcDbEntity
  8
EX-COLUMNAS
370
25
100
AcDbLine
 10
9250.0
 20
60000.0
 30
0.0
 11
9250.0
 21
65760.0
 31
0.0
  0
LINE
  5
20D
330
17
100
AcDbEntity
  8
EX-COLUMNAS
370
25
100
AcDbLine
 10
9450.0
 20
60000.0
 30
0.0
 11
9450.0
 21
65760.0
 31
0.0
  0
LINE
  5
20E
330
17
100
AcDbEntity
  8
EX-COLUMNAS
370
25
100
AcDbLine
 10
13250.0
 20
60000.0
 30
0.0
 11
13250.0
 21
65760.0
 31
0.0
  0
LINE
  5
20F
330
17
100
AcDbEntity
  8
EX-COLUMNAS
370
25
100
AcDbLine
 10
13450.0
 20
60000.0
 30
0.0
 11
13450.0
 21
65760.0
 31
0.0
  0
LWPOLYLINE
  5
210
102
{ACAD_REACTORS
330
211
102
}
330
17
100
AcDbEntity
  8
EX-MADERA
370
35
100
AcDbPolyline
 90
4
 70
1
 10
9250.0
 20
65760.0
 10
9450.0
 20
65760.0
 10
9450.0
 20
66032.59911894273
 10
9250.0
 20
66032.59911894273
  0
HATCH
  5
211
330
17
100
AcDbEntity
  8
AN-RAYADO-EX
100
AcDbHatch
 10
0.0
 20
0.0
 30
0.0
210
0.0
220
0.0
230
1.0
  2
ANSI31
 70
0
 71
1
 91
1
 92
3
 72
0
 73
1
 93
4
 10
9250.0
 20
65760.0
 10
9450.0
 20
65760.0
 10
9450.0
 20
66032.59911894273
 10
9250.0
 20
66032.59911894273
 97
1
330
210
 75
1
 76
1
 52
-45.0
 41
23.62204724409449
 77
0
 78
1
 53
0.0
 43
0.0
 44
-0.0
 45
0.0
 46
75.0000000011
 79
0
 98
0
  0
LWPOLYLINE
  5
212
102
{ACAD_REACTORS
330
213
102
}
330
17
100
AcDbEntity
  8
EX-MADERA
370
35
100
AcDbPolyline
 90
4
 70
1
 10
13250.0
 20
65760.0
 10
13450.0
 20
65760.0
 10
13450.0
 20
66059.03083700441
 10
13250.0
 20
66059.03083700441
  0
HATCH
  5
213
330
17
100
AcDbEntity
  8
AN-RAYADO-EX
100
AcDbHatch
 10
0.0
 20
0.0
 30
0.0
210
0.0
220
0.0
230
1.0
  2
ANSI31
 70
0
 71
1
 91
1
 92
3
 72
0
 73
1
 93
4
 10
13250.0
 20
65760.0
 10
13450.0
 20
65760.0
 10
13450.0
 20
66059.03083700441
 10
13250.0
 20
66059.03083700441
 97
1
330
212
 75
1
 76
1
 52
-45.0
 41
23.62204724409449
 77
0
 78
1
 53
0.0
 43
0.0
 44
-0.0
 45
0.0
 46
75.0000000011
 79
0
 98
0
  0
LWPOLYLINE
  5
214
330
17
100
AcDbEntity
  8
EX-CERRAMIENTO
370
35
100
AcDbPolyline
 90
3
 70
0
 10
-300.0
 20
65574.88986784141
 10
11350.0
 20
66550.0
 10
23000.0
 20
65728.85462555067
  0
LWPOLYLINE
  5
215
330
17
100
AcDbEntity
  8
EX-MADERA
100
AcDbPolyline
 90
6
 70
1
 10
-150.0
 20
65537.4449339207
 10
11350.0
 20
66500.0
 10
22850.0
 20
65689.42731277533
 10
22850.0
 20
65389.42731277533
 10
11350.0
 20
66200.0
 10
-150.0
 20
65237.444933920706
  0
LWPOLYLINE
  5
216
102
{ACAD_REACTORS
330
217
102
}
330
17
100
AcDbEntity
  8
EX-MADERA
100
AcDbPolyline
 90
4
 70
1
 10
740.0
 20
65661.93832599118
 10
860.0
 20
65671.98237885462
 10
860.0
 20
65621.98237885462
 10
740.0
 20
65611.93832599118
  0
HATCH
  5
217
330
17
100
AcDbEntity
  8
AN-RAYADO-EX
100
AcDbHatch
 10
0.0
 20
0.0
 30
0.0
210
0.0
220
0.0
230
1.0
  2
SOLID
 70
1
 71
1
 91
1
 92
3
 72
0
 73
1
 93
4
 10
740.0
 20
65661.93832599118
 10
860.0
 20
65671.98237885462
 10
860.0
 20
65621.98237885462
 10
740.0
 20
65611.93832599118
 97
1
330
216
 75
1
 76
1
 98
0
  0
LWPOLYLINE
  5
218
102
{ACAD_REACTORS
330
219
102
}
330
17
100
AcDbEntity
  8
EX-MADERA
100
AcDbPolyline
 90
4
 70
1
 10
2240.0
 20
65787.48898678414
 10
2360.0
 20
65797.53303964758
 10
2360.0
 20
65747.53303964758
 10
2240.0
 20
65737.48898678414
  0
HATCH
  5
219
330
17
100
AcDbEntity
  8
AN-RAYADO-EX
100
AcDbHatch
 10
0.0
 20
0.0
 30
0.0
210
0.0
220
0.0
230
1.0
  2
SOLID
 70
1
 71
1
 91
1
 92
3
 72
0
 73
1
 93
4
 10
2240.0
 20
65787.48898678414
 10
2360.0
 20
65797.53303964758
 10
2360.0
 20
65747.53303964758
 10
2240.0
 20
65737.48898678414
 97
1
330
218
 75
1
 76
1
 98
0
  0
LWPOLYLINE
  5
21A
102
{ACAD_REACTORS
330
21B
102
}
330
17
100
AcDbEntity
  8
EX-MADERA
100
AcDbPolyline
 90
4
 70
1
 10
3740.0
 20
65913.0396475771
 10
3860.0
 20
65923.08370044053
 10
3860.0
 20
65873.08370044053
 10
3740.0
 20
65863.0396475771
  0
HATCH
  5
21B
330
17
100
AcDbEntity
  8
AN-RAYADO-EX
100
AcDbHatch
 10
0.0
 20
0.0
 30
0.0
210
0.0
220
0.0
230
1.0
  2
SOLID
 70
1
 71
1
 91
1
 92
3
 72
0
 73
1
 93
4
 10
3740.0
 20
65913.0396475771
 10
3860.0
 20
65923.08370044053
 10
3860.0
 20
65873.08370044053
 10
3740.0
 20
65863.0396475771
 97
1
330
21A
 75
1
 76
1
 98
0
  0
LWPOLYLINE
  5
21C
102
{ACAD_REACTORS
330
21D
102
}
330
17
100
AcDbEntity
  8
EX-MADERA
100
AcDbPolyline
 90
4
 70
1
 10
5240.0
 20
66038.59030837004
 10
5360.0
 20
66048.63436123347
 10
5360.0
 20
65998.63436123347
 10
5240.0
 20
65988.59030837004
  0
HATCH
  5
21D
330
17
100
AcDbEntity
  8
AN-RAYADO-EX
100
AcDbHatch
 10
0.0
 20
0.0
 30
0.0
210
0.0
220
0.0
230
1.0
  2
SOLID
 70
1
 71
1
 91
1
 92
3
 72
0
 73
1
 93
4
 10
5240.0
 20
66038.59030837004
 10
5360.0
 20
66048.63436123347
 10
5360.0
 20
65998.63436123347
 10
5240.0
 20
65988.59030837004
 97
1
330
21C
 75
1
 76
1
 98
0
  0
LWPOLYLINE
  5
21E
102
{ACAD_REACTORS
330
21F
102
}
330
17
100
AcDbEntity
  8
EX-MADERA
100
AcDbPolyline
 90
4
 70
1
 10
6740.0
 20
66164.140969163
 10
6860.0
 20
66174.18502202643
 10
6860.0
 20
66124.18502202643
 10
6740.0
 20
66114.140969163
  0
HATCH
  5
21F
330
17
100
AcDbEntity
  8
AN-RAYADO-EX
100
AcDbHatch
 10
0.0
 20
0.0
 30
0.0
210
0.0
220
0.0
230
1.0
  2
SOLID
 70
1
 71
1
 91
1
 92
3
 72
0
 73
1
 93
4
 10
6740.0
 20
66164.140969163
 10
6860.0
 20
66174.18502202643
 10
6860.0
 20
66124.18502202643
 10
6740.0
 20
66114.140969163
 97
1
330
21E
 75
1
 76
1
 98
0
  0
LWPOLYLINE
  5
220
102
{ACAD_REACTORS
330
221
102
}
330
17
100
AcDbEntity
  8
EX-MADERA
100
AcDbPolyline
 90
4
 70
1
 10
8240.0
 20
66289.69162995595
 10
8360.0
 20
66299.73568281939
 10
8360.0
 20
66249.73568281939
 10
8240.0
 20
66239.69162995595
  0
HATCH
  5
221
330
17
100
AcDbEntity
  8
AN-RAYADO-EX
100
AcDbHatch
 10
0.0
 20
0.0
 30
0.0
210
0.0
220
0.0
230
1.0
  2
SOLID
 70
1
 71
1
 91
1
 92
3
 72
0
 73
1
 93
4
 10
8240.0
 20
66289.69162995595
 10
8360.0
 20
66299.73568281939
 10
8360.0
 20
66249.73568281939
 10
8240.0
 20
66239.69162995595
 97
1
330
220
 75
1
 76
1
 98
0
  0
LWPOLYLINE
  5
222
102
{ACAD_REACTORS
330
223
102
}
330
17
100
AcDbEntity
  8
EX-MADERA
100
AcDbPolyline
 90
4
 70
1
 10
9740.0
 20
66415.2422907489
 10
9860.0
 20
66425.28634361233
 10
9860.0
 20
66375.28634361233
 10
9740.0
 20
66365.2422907489
  0
HATCH
  5
223
330
17
100
AcDbEntity
  8
AN-RAYADO-EX
100
AcDbHatch
 10
0.0
 20
0.0
 30
0.0
210
0.0
220
0.0
230
1.0
  2
SOLID
 70
1
 71
1
 91
1
 92
3
 72
0
 73
1
 93
4
 10
9740.0
 20
66415.2422907489
 10
9860.0
 20
66425.28634361233
 10
9860.0
 20
66375.28634361233
 10
9740.0
 20
66365.2422907489
 97
1
330
222
 75
1
 76
1
 98
0
  0
LWPOLYLINE
  5
224
102
{ACAD_REACTORS
330
225
102
}
330
17
100
AcDbEntity
  8
EX-MADERA
100
AcDbPolyline
 90
4
 70
1
 10
11240.0
 20
66540.79295154185
 10
11360.0
 20
66549.29515418502
 10
11360.0
 20
66499.29515418502
 10
11240.0
 20
66490.79295154185
  0
HATCH
  5
225
330
17
100
AcDbEntity
  8
AN-RAYADO-EX
100
AcDbHatch
 10
0.0
 20
0.0
 30
0.0
210
0.0
220
0.0
230
1.0
  2
SOLID
 70
1
 71
1
 91
1
 92
3
 72
0
 73
1
 93
4
 10
11240.0
 20
66540.79295154185
 10
11360.0
 20
66549.29515418502
 10
11360.0
 20
66499.29515418502
 10
11240.0
 20
66490.79295154185
 97
1
330
224
 75
1
 76
1
 98
0
  0
LWPOLYLINE
  5
226
102
{ACAD_REACTORS
330
227
102
}
330
17
100
AcDbEntity
  8
EX-MADERA
100
AcDbPolyline
 90
4
 70
1
 10
12740.0
 20
66452.02643171806
 10
12860.0
 20
66443.56828193832
 10
12860.0
 20
66393.56828193832
 10
12740.0
 20
66402.02643171806
  0
HATCH
  5
227
330
17
100
AcDbEntity
  8
AN-RAYADO-EX
100
AcDbHatch
 10
0.0
 20
0.0
 30
0.0
210
0.0
220
0.0
230
1.0
  2
SOLID
 70
1
 71
1
 91
1
 92
3
 72
0
 73
1
 93
4
 10
12740.0
 20
66452.02643171806
 10
12860.0
 20
66443.56828193832
 10
12860.0
 20
66393.56828193832
 10
12740.0
 20
66402.02643171806
 97
1
330
226
 75
1
 76
1
 98
0
  0
LWPOLYLINE
  5
228
102
{ACAD_REACTORS
330
229
102
}
330
17
100
AcDbEntity
  8
EX-MADERA
100
AcDbPolyline
 90
4
 70
1
 10
14240.0
 20
66346.29955947137
 10
14360.0
 20
66337.84140969162
 10
14360.0
 20
66287.84140969162
 10
14240.0
 20
66296.29955947137
  0
HATCH
  5
229
330
17
100
AcDbEntity
  8
AN-RAYADO-EX
100
AcDbHatch
 10
0.0
 20
0.0
 30
0.0
210
0.0
220
0.0
230
1.0
  2
SOLID
 70
1
 71
1
 91
1
 92
3
 72
0
 73
1
 93
4
 10
14240.0
 20
66346.29955947137
 10
14360.0
 20
66337.84140969162
 10
14360.0
 20
66287.84140969162
 10
14240.0
 20
66296.29955947137
 97
1
330
228
 75
1
 76
1
 98
0
  0
LWPOLYLINE
  5
22A
102
{ACAD_REACTORS
330
22B
102
}
330
17
100
AcDbEntity
  8
EX-MADERA
100
AcDbPolyline
 90
4
 70
1
 10
15740.0
 20
66240.57268722467
 10
15860.0
 20
66232.11453744494
 10
15860.0
 20
66182.11453744494
 10
15740.0
 20
66190.57268722467
  0
HATCH
  5
22B
330
17
100
AcDbEntity
  8
AN-RAYADO-EX
100
AcDbHatch
 10
0.0
 20
0.0
 30
0.0
210
0.0
220
0.0
230
1.0
  2
SOLID
 70
1
 71
1
 91
1
 92
3
 72
0
 73
1
 93
4
 10
15740.0
 20
66240.57268722467
 10
15860.0
 20
66232.11453744494
 10
15860.0
 20
66182.11453744494
 10
15740.0
 20
66190.57268722467
 97
1
330
22A
 75
1
 76
1
 98
0
  0
LWPOLYLINE
  5
22C
102
{ACAD_REACTORS
330
22D
102
}
330
17
100
AcDbEntity
  8
EX-MADERA
100
AcDbPolyline
 90
4
 70
1
 10
17240.0
 20
66134.84581497798
 10
17360.0
 20
66126.38766519824
 10
17360.0
 20
66076.38766519824
 10
17240.0
 20
66084.84581497798
  0
HATCH
  5
22D
330
17
100
AcDbEntity
  8
AN-RAYADO-EX
100
AcDbHatch
 10
0.0
 20
0.0
 30
0.0
210
0.0
220
0.0
230
1.0
  2
SOLID
 70
1
 71
1
 91
1
 92
3
 72
0
 73
1
 93
4
 10
17240.0
 20
66134.84581497798
 10
17360.0
 20
66126.38766519824
 10
17360.0
 20
66076.38766519824
 10
17240.0
 20
66084.84581497798
 97
1
330
22C
 75
1
 76
1
 98
0
  0
LWPOLYLINE
  5
22E
102
{ACAD_REACTORS
330
22F
102
}
330
17
100
AcDbEntity
  8
EX-MADERA
100
AcDbPolyline
 90
4
 70
1
 10
18740.0
 20
66029.11894273128
 10
18860.0
 20
66020.66079295154
 10
18860.0
 20
65970.66079295154
 10
18740.0
 20
65979.11894273128
  0
HATCH
  5
22F
330
17
100
AcDbEntity
  8
AN-RAYADO-EX
100
AcDbHatch
 10
0.0
 20
0.0
 30
0.0
210
0.0
220
0.0
230
1.0
  2
SOLID
 70
1
 71
1
 91
1
 92
3
 72
0
 73
1
 93
4
 10
18740.0
 20
66029.11894273128
 10
18860.0
 20
66020.66079295154
 10
18860.0
 20
65970.66079295154
 10
18740.0
 20
65979.11894273128
 97
1
330
22E
 75
1
 76
1
 98
0
  0
LWPOLYLINE
  5
230
102
{ACAD_REACTORS
330
231
102
}
330
17
100
AcDbEntity
  8
EX-MADERA
100
AcDbPolyline
 90
4
 70
1
 10
20240.0
 20
65923.39207048458
 10
20360.0
 20
65914.93392070485
 10
20360.0
 20
65864.93392070485
 10
20240.0
 20
65873.39207048458
  0
HATCH
  5
231
330
17
100
AcDbEntity
  8
AN-RAYADO-EX
100
AcDbHatch
 10
0.0
 20
0.0
 30
0.0
210
0.0
220
0.0
230
1.0
  2
SOLID
 70
1
 71
1
 91
1
 92
3
 72
0
 73
1
 93
4
 10
20240.0
 20
65923.39207048458
 10
20360.0
 20
65914.93392070485
 10
20360.0
 20
65864.93392070485
 10
20240.0
 20
65873.39207048458
 97
1
330
230
 75
1
 76
1
 98
0
  0
LWPOLYLINE
  5
232
102
{ACAD_REACTORS
330
233
102
}
330
17
100
AcDbEntity
  8
EX-MADERA
100
AcDbPolyline
 90
4
 70
1
 10
21740.0
 20
65817.66519823788
 10
21860.0
 20
65809.20704845815
 10
21860.0
 20
65759.20704845815
 10
21740.0
 20
65767.66519823788
  0
HATCH
  5
233
330
17
100
AcDbEntity
  8
AN-RAYADO-EX
100
AcDbHatch
 10
0.0
 20
0.0
 30
0.0
210
0.0
220
0.0
230
1.0
  2
SOLID
 70
1
 71
1
 91
1
 92
3
 72
0
 73
1
 93
4
 10
21740.0
 20
65817.66519823788
 10
21860.0
 20
65809.20704845815
 10
21860.0
 20
65759.20704845815
 10
21740.0
 20
65767.66519823788
 97
1
330
232
 75
1
 76
1
 98
0
  0
LWPOLYLINE
  5
234
102
{ACAD_REACTORS
330
235
102
}
330
17
100
AcDbEntity
  8
EX-HORMIGON-CORTE
100
AcDbPolyline
 90
4
 70
1
 10
110175.0
 20
59600.0
 10
109825.0
 20
59600.0
 10
109825.0
 20
63900.0
 10
110175.0
 20
63900.0
  0
HATCH
  5
235
330
17
100
AcDbEntity
  8
AN-RAYADO-EX
100
AcDbHatch
 10
0.0
 20
0.0
 30
0.0
210
0.0
220
0.0
230
1.0
  2
AR-CONC
 70
0
 71
1
 91
1
 92
3
 72
0
 73
1
 93
4
 10
110175.0
 20
59600.0
 10
109825.0
 20
59600.0
 10
109825.0
 20
63900.0
 10
110175.0
 20
63900.0
 97
1
330
234
 75
1
 76
1
 52
0.0
 41
2.5
 77
0
 78
13
 53
50.0
 43
0.0
 44
0.0
 45
455.46167249
 46
-39.8477138472
 79
2
 49
47.625
 49
-523.875
 53
355.0
 43
0.0
 44
0.0
 45
-88.1085535625
 46
477.6421130975
 79
2
 49
38.1
 49
-419.101460425
 53
100.4514447
 43
37.9550175
 44
-3.32063375
 45
367.353117726
 46
437.7943797805
 79
2
 49
40.475022
 49
-445.2256115
 53
46.1842
 43
0.0
 44
127.0
 45
677.6976022303
 46
-105.1058198317
 79
2
 49
71.4375
 49
-785.8125
 53
96.63555761
 43
56.47475
 44
118.24125
 45
593.5103351287
 46
618.5653114943
 79
2
 49
60.71255785
 49
-667.8390204
 53
351.18415117
 43
0.0
 44
127.0
 45
593.5103351625
 46
618.5653114637
 79
2
 49
57.149917675
 49
-628.6493298
 53
21.0
 43
63.5
 44
95.25
 45
379.0359781727
 46
-255.6629954677
 79
2
 49
47.625
 49
-523.875
 53
326.0
 43
63.5
 44
95.25
 45
154.505070869
 46
460.4699153057
 79
2
 49
38.1
 49
-419.1
 53
71.451445
 43
95.0863315
 44
73.94475025
 45
533.5410481968
 46
204.8069222147
 79
2
 49
40.475022
 49
-445.224844
 53
37.5
 43
0.0
 44
0.0
 45
7.7215081265
 46
211.387597183
 79
6
 49
0.0
 49
-414.02
 49
0.0
 49
-425.45
 49
0.0
 49
-420.6875
 53
7.5
 43
0.0
 44
0.0
 45
167.0491562758
 46
250.4514370453
 79
6
 49
0.0
 49
-242.57
 49
0.0
 49
-404.495
 49
0.0
 49
-160.3375
 53
-32.5
 43
-141.605
 44
0.0
 45
338.9764879172
 46
-14.3218599818
 79
6
 49
0.0
 49
-158.75
 49
0.0
 49
-495.3
 49
0.0
 49
-657.225
 53
-42.5
 43
-205.105
 44
0.0
 45
370.322953465
 46
63.5662275832
 79
6
 49
0.0
 49
-206.375
 49
0.0
 49
-328.93
 49
0.0
 49
-466.725
 98
0
  0
LINE
  5
236
330
17
100
AcDbEntity
  8
EX-CERRAMIENTO
370
35
100
AcDbLine
 10
110000.0
 20
63900.0
 30
0.0
 11
110000.0
 21
65911.23348017622
 31
0.0
  0
LWPOLYLINE
  5
237
102
{ACAD_REACTORS
330
238
102
}
330
17
100
AcDbEntity
  8
EX-HORMIGON-CORTE
100
AcDbPolyline
 90
4
 70
1
 10
74025.0
 20
59600.0
 10
73675.0
 20
59600.0
 10
73675.0
 20
63900.0
 10
74025.0
 20
63900.0
  0
HATCH
  5
238
330
17
100
AcDbEntity
  8
AN-RAYADO-EX
100
AcDbHatch
 10
0.0
 20
0.0
 30
0.0
210
0.0
220
0.0
230
1.0
  2
AR-CONC
 70
0
 71
1
 91
1
 92
3
 72
0
 73
1
 93
4
 10
74025.0
 20
59600.0
 10
73675.0
 20
59600.0
 10
73675.0
 20
63900.0
 10
74025.0
 20
63900.0
 97
1
330
237
 75
1
 76
1
 52
0.0
 41
2.5
 77
0
 78
13
 53
50.0
 43
0.0
 44
0.0
 45
455.46167249
 46
-39.8477138472
 79
2
 49
47.625
 49
-523.875
 53
355.0
 43
0.0
 44
0.0
 45
-88.1085535625
 46
477.6421130975
 79
2
 49
38.1
 49
-419.101460425
 53
100.4514447
 43
37.9550175
 44
-3.32063375
 45
367.353117726
 46
437.7943797805
 79
2
 49
40.475022
 49
-445.2256115
 53
46.1842
 43
0.0
 44
127.0
 45
677.6976022303
 46
-105.1058198317
 79
2
 49
71.4375
 49
-785.8125
 53
96.63555761
 43
56.47475
 44
118.24125
 45
593.5103351287
 46
618.5653114943
 79
2
 49
60.71255785
 49
-667.8390204
 53
351.18415117
 43
0.0
 44
127.0
 45
593.5103351625
 46
618.5653114637
 79
2
 49
57.149917675
 49
-628.6493298
 53
21.0
 43
63.5
 44
95.25
 45
379.0359781727
 46
-255.6629954677
 79
2
 49
47.625
 49
-523.875
 53
326.0
 43
63.5
 44
95.25
 45
154.505070869
 46
460.4699153057
 79
2
 49
38.1
 49
-419.1
 53
71.451445
 43
95.0863315
 44
73.94475025
 45
533.5410481968
 46
204.8069222147
 79
2
 49
40.475022
 49
-445.224844
 53
37.5
 43
0.0
 44
0.0
 45
7.7215081265
 46
211.387597183
 79
6
 49
0.0
 49
-414.02
 49
0.0
 49
-425.45
 49
0.0
 49
-420.6875
 53
7.5
 43
0.0
 44
0.0
 45
167.0491562758
 46
250.4514370453
 79
6
 49
0.0
 49
-242.57
 49
0.0
 49
-404.495
 49
0.0
 49
-160.3375
 53
-32.5
 43
-141.605
 44
0.0
 45
338.9764879172
 46
-14.3218599818
 79
6
 49
0.0
 49
-158.75
 49
0.0
 49
-495.3
 49
0.0
 49
-657.225
 53
-42.5
 43
-205.105
 44
0.0
 45
370.322953465
 46
63.5662275832
 79
6
 49
0.0
 49
-206.375
 49
0.0
 49
-328.93
 49
0.0
 49
-466.725
 98
0
  0
LINE
  5
239
330
17
100
AcDbEntity
  8
EX-CERRAMIENTO
370
35
100
AcDbLine
 10
73850.0
 20
63900.0
 30
0.0
 11
73850.0
 21
65911.23348017622
 31
0.0
  0
LWPOLYLINE
  5
23A
102
{ACAD_REACTORS
330
23B
102
}
330
17
100
AcDbEntity
  8
EX-HORMIGON-CORTE
100
AcDbPolyline
 90
4
 70
1
 10
101025.0
 20
59700.0
 10
100825.0
 20
59700.0
 10
100825.0
 20
63825.0
 10
101025.0
 20
63825.0
  0
HATCH
  5
23B
330
17
100
AcDbEntity
  8
AN-RAYADO-EX
100
AcDbHatch
 10
0.0
 20
0.0
 30
0.0
210
0.0
220
0.0
230
1.0
  2
AR-CONC
 70
0
 71
1
 91
1
 92
3
 72
0
 73
1
 93
4
 10
101025.0
 20
59700.0
 10
100825.0
 20
59700.0
 10
100825.0
 20
63825.0
 10
101025.0
 20
63825.0
 97
1
330
23A
 75
1
 76
1
 52
0.0
 41
2.5
 77
0
 78
13
 53
50.0
 43
0.0
 44
0.0
 45
455.46167249
 46
-39.8477138472
 79
2
 49
47.625
 49
-523.875
 53
355.0
 43
0.0
 44
0.0
 45
-88.1085535625
 46
477.6421130975
 79
2
 49
38.1
 49
-419.101460425
 53
100.4514447
 43
37.9550175
 44
-3.32063375
 45
367.353117726
 46
437.7943797805
 79
2
 49
40.475022
 49
-445.2256115
 53
46.1842
 43
0.0
 44
127.0
 45
677.6976022303
 46
-105.1058198317
 79
2
 49
71.4375
 49
-785.8125
 53
96.63555761
 43
56.47475
 44
118.24125
 45
593.5103351287
 46
618.5653114943
 79
2
 49
60.71255785
 49
-667.8390204
 53
351.18415117
 43
0.0
 44
127.0
 45
593.5103351625
 46
618.5653114637
 79
2
 49
57.149917675
 49
-628.6493298
 53
21.0
 43
63.5
 44
95.25
 45
379.0359781727
 46
-255.6629954677
 79
2
 49
47.625
 49
-523.875
 53
326.0
 43
63.5
 44
95.25
 45
154.505070869
 46
460.4699153057
 79
2
 49
38.1
 49
-419.1
 53
71.451445
 43
95.0863315
 44
73.94475025
 45
533.5410481968
 46
204.8069222147
 79
2
 49
40.475022
 49
-445.224844
 53
37.5
 43
0.0
 44
0.0
 45
7.7215081265
 46
211.387597183
 79
6
 49
0.0
 49
-414.02
 49
0.0
 49
-425.45
 49
0.0
 49
-420.6875
 53
7.5
 43
0.0
 44
0.0
 45
167.0491562758
 46
250.4514370453
 79
6
 49
0.0
 49
-242.57
 49
0.0
 49
-404.495
 49
0.0
 49
-160.3375
 53
-32.5
 43
-141.605
 44
0.0
 45
338.9764879172
 46
-14.3218599818
 79
6
 49
0.0
 49
-158.75
 49
0.0
 49
-495.3
 49
0.0
 49
-657.225
 53
-42.5
 43
-205.105
 44
0.0
 45
370.322953465
 46
63.5662275832
 79
6
 49
0.0
 49
-206.375
 49
0.0
 49
-328.93
 49
0.0
 49
-466.725
 98
0
  0
LWPOLYLINE
  5
23C
102
{ACAD_REACTORS
330
23D
102
}
330
17
100
AcDbEntity
  8
EX-MADERA
100
AcDbPolyline
 90
4
 70
1
 10
101050.0
 20
63000.0
 10
101025.0
 20
63000.0
 10
101025.0
 20
63825.0
 10
101050.0
 20
63825.0
  0
HATCH
  5
23D
330
17
100
AcDbEntity
  8
AN-RAYADO-EX
100
AcDbHatch
 10
0.0
 20
0.0
 30
0.0
210
0.0
220
0.0
230
1.0
  2
SOLID
 70
1
 71
1
 91
1
 92
3
 72
0
 73
1
 93
4
 10
101050.0
 20
63000.0
 10
101025.0
 20
63000.0
 10
101025.0
 20
63825.0
 10
101050.0
 20
63825.0
 97
1
330
23C
 75
1
 76
1
 98
0
  0
LWPOLYLINE
  5
23E
102
{ACAD_REACTORS
330
23F
102
}
330
17
100
AcDbEntity
  8
EX-MADERA
100
AcDbPolyline
 90
4
 70
1
 10
100825.0
 20
63000.0
 10
100800.0
 20
63000.0
 10
100800.0
 20
63825.0
 10
100825.0
 20
63825.0
  0
HATCH
  5
23F
330
17
100
AcDbEntity
  8
AN-RAYADO-EX
100
AcDbHatch
 10
0.0
 20
0.0
 30
0.0
210
0.0
220
0.0
230
1.0
  2
SOLID
 70
1
 71
1
 91
1
 92
3
 72
0
 73
1
 93
4
 10
100825.0
 20
63000.0
 10
100800.0
 20
63000.0
 10
100800.0
 20
63825.0
 10
100825.0
 20
63825.0
 97
1
330
23E
 75
1
 76
1
 98
0
  0
LWPOLYLINE
  5
240
102
{ACAD_REACTORS
330
241
102
}
330
17
100
AcDbEntity
  8
EX-HORMIGON-CORTE
100
AcDbPolyline
 90
4
 70
1
 10
101375.0
 20
59400.0
 10
100475.0
 20
59400.0
 10
100475.0
 20
59700.0
 10
101375.0
 20
59700.0
  0
HATCH
  5
241
330
17
100
AcDbEntity
  8
AN-RAYADO-EX
100
AcDbHatch
 10
0.0
 20
0.0
 30
0.0
210
0.0
220
0.0
230
1.0
  2
AR-CONC
 70
0
 71
1
 91
1
 92
3
 72
0
 73
1
 93
4
 10
101375.0
 20
59400.0
 10
100475.0
 20
59400.0
 10
100475.0
 20
59700.0
 10
101375.0
 20
59700.0
 97
1
330
240
 75
1
 76
1
 52
0.0
 41
2.5
 77
0
 78
13
 53
50.0
 43
0.0
 44
0.0
 45
455.46167249
 46
-39.8477138472
 79
2
 49
47.625
 49
-523.875
 53
355.0
 43
0.0
 44
0.0
 45
-88.1085535625
 46
477.6421130975
 79
2
 49
38.1
 49
-419.101460425
 53
100.4514447
 43
37.9550175
 44
-3.32063375
 45
367.353117726
 46
437.7943797805
 79
2
 49
40.475022
 49
-445.2256115
 53
46.1842
 43
0.0
 44
127.0
 45
677.6976022303
 46
-105.1058198317
 79
2
 49
71.4375
 49
-785.8125
 53
96.63555761
 43
56.47475
 44
118.24125
 45
593.5103351287
 46
618.5653114943
 79
2
 49
60.71255785
 49
-667.8390204
 53
351.18415117
 43
0.0
 44
127.0
 45
593.5103351625
 46
618.5653114637
 79
2
 49
57.149917675
 49
-628.6493298
 53
21.0
 43
63.5
 44
95.25
 45
379.0359781727
 46
-255.6629954677
 79
2
 49
47.625
 49
-523.875
 53
326.0
 43
63.5
 44
95.25
 45
154.505070869
 46
460.4699153057
 79
2
 49
38.1
 49
-419.1
 53
71.451445
 43
95.0863315
 44
73.94475025
 45
533.5410481968
 46
204.8069222147
 79
2
 49
40.475022
 49
-445.224844
 53
37.5
 43
0.0
 44
0.0
 45
7.7215081265
 46
211.387597183
 79
6
 49
0.0
 49
-414.02
 49
0.0
 49
-425.45
 49
0.0
 49
-420.6875
 53
7.5
 43
0.0
 44
0.0
 45
167.0491562758
 46
250.4514370453
 79
6
 49
0.0
 49
-242.57
 49
0.0
 49
-404.495
 49
0.0
 49
-160.3375
 53
-32.5
 43
-141.605
 44
0.0
 45
338.9764879172
 46
-14.3218599818
 79
6
 49
0.0
 49
-158.75
 49
0.0
 49
-495.3
 49
0.0
 49
-657.225
 53
-42.5
 43
-205.105
 44
0.0
 45
370.322953465
 46
63.5662275832
 79
6
 49
0.0
 49
-206.375
 49
0.0
 49
-328.93
 49
0.0
 49
-466.725
 98
0
  0
LWPOLYLINE
  5
242
102
{ACAD_REACTORS
330
243
102
}
330
17
100
AcDbEntity
  8
EX-HORMIGON-CORTE
100
AcDbPolyline
 90
4
 70
1
 10
96525.0
 20
59700.0
 10
96325.0
 20
59700.0
 10
96325.0
 20
63825.0
 10
96525.0
 20
63825.0
  0
HATCH
  5
243
330
17
100
AcDbEntity
  8
AN-RAYADO-EX
100
AcDbHatch
 10
0.0
 20
0.0
 30
0.0
210
0.0
220
0.0
230
1.0
  2
AR-CONC
 70
0
 71
1
 91
1
 92
3
 72
0
 73
1
 93
4
 10
96525.0
 20
59700.0
 10
96325.0
 20
59700.0
 10
96325.0
 20
63825.0
 10
96525.0
 20
63825.0
 97
1
330
242
 75
1
 76
1
 52
0.0
 41
2.5
 77
0
 78
13
 53
50.0
 43
0.0
 44
0.0
 45
455.46167249
 46
-39.8477138472
 79
2
 49
47.625
 49
-523.875
 53
355.0
 43
0.0
 44
0.0
 45
-88.1085535625
 46
477.6421130975
 79
2
 49
38.1
 49
-419.101460425
 53
100.4514447
 43
37.9550175
 44
-3.32063375
 45
367.353117726
 46
437.7943797805
 79
2
 49
40.475022
 49
-445.2256115
 53
46.1842
 43
0.0
 44
127.0
 45
677.6976022303
 46
-105.1058198317
 79
2
 49
71.4375
 49
-785.8125
 53
96.63555761
 43
56.47475
 44
118.24125
 45
593.5103351287
 46
618.5653114943
 79
2
 49
60.71255785
 49
-667.8390204
 53
351.18415117
 43
0.0
 44
127.0
 45
593.5103351625
 46
618.5653114637
 79
2
 49
57.149917675
 49
-628.6493298
 53
21.0
 43
63.5
 44
95.25
 45
379.0359781727
 46
-255.6629954677
 79
2
 49
47.625
 49
-523.875
 53
326.0
 43
63.5
 44
95.25
 45
154.505070869
 46
460.4699153057
 79
2
 49
38.1
 49
-419.1
 53
71.451445
 43
95.0863315
 44
73.94475025
 45
533.5410481968
 46
204.8069222147
 79
2
 49
40.475022
 49
-445.224844
 53
37.5
 43
0.0
 44
0.0
 45
7.7215081265
 46
211.387597183
 79
6
 49
0.0
 49
-414.02
 49
0.0
 49
-425.45
 49
0.0
 49
-420.6875
 53
7.5
 43
0.0
 44
0.0
 45
167.0491562758
 46
250.4514370453
 79
6
 49
0.0
 49
-242.57
 49
0.0
 49
-404.495
 49
0.0
 49
-160.3375
 53
-32.5
 43
-141.605
 44
0.0
 45
338.9764879172
 46
-14.3218599818
 79
6
 49
0.0
 49
-158.75
 49
0.0
 49
-495.3
 49
0.0
 49
-657.225
 53
-42.5
 43
-205.105
 44
0.0
 45
370.322953465
 46
63.5662275832
 79
6
 49
0.0
 49
-206.375
 49
0.0
 49
-328.93
 49
0.0
 49
-466.725
 98
0
  0
LWPOLYLINE
  5
244
102
{ACAD_REACTORS
330
245
102
}
330
17
100
AcDbEntity
  8
EX-MADERA
100
AcDbPolyline
 90
4
 70
1
 10
96550.0
 20
63000.0
 10
96525.0
 20
63000.0
 10
96525.0
 20
63825.0
 10
96550.0
 20
63825.0
  0
HATCH
  5
245
330
17
100
AcDbEntity
  8
AN-RAYADO-EX
100
AcDbHatch
 10
0.0
 20
0.0
 30
0.0
210
0.0
220
0.0
230
1.0
  2
SOLID
 70
1
 71
1
 91
1
 92
3
 72
0
 73
1
 93
4
 10
96550.0
 20
63000.0
 10
96525.0
 20
63000.0
 10
96525.0
 20
63825.0
 10
96550.0
 20
63825.0
 97
1
330
244
 75
1
 76
1
 98
0
  0
LWPOLYLINE
  5
246
102
{ACAD_REACTORS
330
247
102
}
330
17
100
AcDbEntity
  8
EX-MADERA
100
AcDbPolyline
 90
4
 70
1
 10
96325.0
 20
63000.0
 10
96300.0
 20
63000.0
 10
96300.0
 20
63825.0
 10
96325.0
 20
63825.0
  0
HATCH
  5
247
330
17
100
AcDbEntity
  8
AN-RAYADO-EX
100
AcDbHatch
 10
0.0
 20
0.0
 30
0.0
210
0.0
220
0.0
230
1.0
  2
SOLID
 70
1
 71
1
 91
1
 92
3
 72
0
 73
1
 93
4
 10
96325.0
 20
63000.0
 10
96300.0
 20
63000.0
 10
96300.0
 20
63825.0
 10
96325.0
 20
63825.0
 97
1
330
246
 75
1
 76
1
 98
0
  0
LWPOLYLINE
  5
248
102
{ACAD_REACTORS
330
249
102
}
330
17
100
AcDbEntity
  8
EX-HORMIGON-CORTE
100
AcDbPolyline
 90
4
 70
1
 10
96875.0
 20
59400.0
 10
95975.0
 20
59400.0
 10
95975.0
 20
59700.0
 10
96875.0
 20
59700.0
  0
HATCH
  5
249
330
17
100
AcDbEntity
  8
AN-RAYADO-EX
100
AcDbHatch
 10
0.0
 20
0.0
 30
0.0
210
0.0
220
0.0
230
1.0
  2
AR-CONC
 70
0
 71
1
 91
1
 92
3
 72
0
 73
1
 93
4
 10
96875.0
 20
59400.0
 10
95975.0
 20
59400.0
 10
95975.0
 20
59700.0
 10
96875.0
 20
59700.0
 97
1
330
248
 75
1
 76
1
 52
0.0
 41
2.5
 77
0
 78
13
 53
50.0
 43
0.0
 44
0.0
 45
455.46167249
 46
-39.8477138472
 79
2
 49
47.625
 49
-523.875
 53
355.0
 43
0.0
 44
0.0
 45
-88.1085535625
 46
477.6421130975
 79
2
 49
38.1
 49
-419.101460425
 53
100.4514447
 43
37.9550175
 44
-3.32063375
 45
367.353117726
 46
437.7943797805
 79
2
 49
40.475022
 49
-445.2256115
 53
46.1842
 43
0.0
 44
127.0
 45
677.6976022303
 46
-105.1058198317
 79
2
 49
71.4375
 49
-785.8125
 53
96.63555761
 43
56.47475
 44
118.24125
 45
593.5103351287
 46
618.5653114943
 79
2
 49
60.71255785
 49
-667.8390204
 53
351.18415117
 43
0.0
 44
127.0
 45
593.5103351625
 46
618.5653114637
 79
2
 49
57.149917675
 49
-628.6493298
 53
21.0
 43
63.5
 44
95.25
 45
379.0359781727
 46
-255.6629954677
 79
2
 49
47.625
 49
-523.875
 53
326.0
 43
63.5
 44
95.25
 45
154.505070869
 46
460.4699153057
 79
2
 49
38.1
 49
-419.1
 53
71.451445
 43
95.0863315
 44
73.94475025
 45
533.5410481968
 46
204.8069222147
 79
2
 49
40.475022
 49
-445.224844
 53
37.5
 43
0.0
 44
0.0
 45
7.7215081265
 46
211.387597183
 79
6
 49
0.0
 49
-414.02
 49
0.0
 49
-425.45
 49
0.0
 49
-420.6875
 53
7.5
 43
0.0
 44
0.0
 45
167.0491562758
 46
250.4514370453
 79
6
 49
0.0
 49
-242.57
 49
0.0
 49
-404.495
 49
0.0
 49
-160.3375
 53
-32.5
 43
-141.605
 44
0.0
 45
338.9764879172
 46
-14.3218599818
 79
6
 49
0.0
 49
-158.75
 49
0.0
 49
-495.3
 49
0.0
 49
-657.225
 53
-42.5
 43
-205.105
 44
0.0
 45
370.322953465
 46
63.5662275832
 79
6
 49
0.0
 49
-206.375
 49
0.0
 49
-328.93
 49
0.0
 49
-466.725
 98
0
  0
LWPOLYLINE
  5
24A
102
{ACAD_REACTORS
330
24B
102
}
330
17
100
AcDbEntity
  8
EX-HORMIGON-CORTE
100
AcDbPolyline
 90
4
 70
1
 10
92025.0
 20
59700.0
 10
91825.0
 20
59700.0
 10
91825.0
 20
63825.0
 10
92025.0
 20
63825.0
  0
HATCH
  5
24B
330
17
100
AcDbEntity
  8
AN-RAYADO-EX
100
AcDbHatch
 10
0.0
 20
0.0
 30
0.0
210
0.0
220
0.0
230
1.0
  2
AR-CONC
 70
0
 71
1
 91
1
 92
3
 72
0
 73
1
 93
4
 10
92025.0
 20
59700.0
 10
91825.0
 20
59700.0
 10
91825.0
 20
63825.0
 10
92025.0
 20
63825.0
 97
1
330
24A
 75
1
 76
1
 52
0.0
 41
2.5
 77
0
 78
13
 53
50.0
 43
0.0
 44
0.0
 45
455.46167249
 46
-39.8477138472
 79
2
 49
47.625
 49
-523.875
 53
355.0
 43
0.0
 44
0.0
 45
-88.1085535625
 46
477.6421130975
 79
2
 49
38.1
 49
-419.101460425
 53
100.4514447
 43
37.9550175
 44
-3.32063375
 45
367.353117726
 46
437.7943797805
 79
2
 49
40.475022
 49
-445.2256115
 53
46.1842
 43
0.0
 44
127.0
 45
677.6976022303
 46
-105.1058198317
 79
2
 49
71.4375
 49
-785.8125
 53
96.63555761
 43
56.47475
 44
118.24125
 45
593.5103351287
 46
618.5653114943
 79
2
 49
60.71255785
 49
-667.8390204
 53
351.18415117
 43
0.0
 44
127.0
 45
593.5103351625
 46
618.5653114637
 79
2
 49
57.149917675
 49
-628.6493298
 53
21.0
 43
63.5
 44
95.25
 45
379.0359781727
 46
-255.6629954677
 79
2
 49
47.625
 49
-523.875
 53
326.0
 43
63.5
 44
95.25
 45
154.505070869
 46
460.4699153057
 79
2
 49
38.1
 49
-419.1
 53
71.451445
 43
95.0863315
 44
73.94475025
 45
533.5410481968
 46
204.8069222147
 79
2
 49
40.475022
 49
-445.224844
 53
37.5
 43
0.0
 44
0.0
 45
7.7215081265
 46
211.387597183
 79
6
 49
0.0
 49
-414.02
 49
0.0
 49
-425.45
 49
0.0
 49
-420.6875
 53
7.5
 43
0.0
 44
0.0
 45
167.0491562758
 46
250.4514370453
 79
6
 49
0.0
 49
-242.57
 49
0.0
 49
-404.495
 49
0.0
 49
-160.3375
 53
-32.5
 43
-141.605
 44
0.0
 45
338.9764879172
 46
-14.3218599818
 79
6
 49
0.0
 49
-158.75
 49
0.0
 49
-495.3
 49
0.0
 49
-657.225
 53
-42.5
 43
-205.105
 44
0.0
 45
370.322953465
 46
63.5662275832
 79
6
 49
0.0
 49
-206.375
 49
0.0
 49
-328.93
 49
0.0
 49
-466.725
 98
0
  0
LWPOLYLINE
  5
24C
102
{ACAD_REACTORS
330
24D
102
}
330
17
100
AcDbEntity
  8
EX-MADERA
100
AcDbPolyline
 90
4
 70
1
 10
92050.0
 20
63000.0
 10
92025.0
 20
63000.0
 10
92025.0
 20
63825.0
 10
92050.0
 20
63825.0
  0
HATCH
  5
24D
330
17
100
AcDbEntity
  8
AN-RAYADO-EX
100
AcDbHatch
 10
0.0
 20
0.0
 30
0.0
210
0.0
220
0.0
230
1.0
  2
SOLID
 70
1
 71
1
 91
1
 92
3
 72
0
 73
1
 93
4
 10
92050.0
 20
63000.0
 10
92025.0
 20
63000.0
 10
92025.0
 20
63825.0
 10
92050.0
 20
63825.0
 97
1
330
24C
 75
1
 76
1
 98
0
  0
LWPOLYLINE
  5
24E
102
{ACAD_REACTORS
330
24F
102
}
330
17
100
AcDbEntity
  8
EX-MADERA
100
AcDbPolyline
 90
4
 70
1
 10
91825.0
 20
63000.0
 10
91800.0
 20
63000.0
 10
91800.0
 20
63825.0
 10
91825.0
 20
63825.0
  0
HATCH
  5
24F
330
17
100
AcDbEntity
  8
AN-RAYADO-EX
100
AcDbHatch
 10
0.0
 20
0.0
 30
0.0
210
0.0
220
0.0
230
1.0
  2
SOLID
 70
1
 71
1
 91
1
 92
3
 72
0
 73
1
 93
4
 10
91825.0
 20
63000.0
 10
91800.0
 20
63000.0
 10
91800.0
 20
63825.0
 10
91825.0
 20
63825.0
 97
1
330
24E
 75
1
 76
1
 98
0
  0
LWPOLYLINE
  5
250
102
{ACAD_REACTORS
330
251
102
}
330
17
100
AcDbEntity
  8
EX-HORMIGON-CORTE
100
AcDbPolyline
 90
4
 70
1
 10
92375.0
 20
59400.0
 10
91475.0
 20
59400.0
 10
91475.0
 20
59700.0
 10
92375.0
 20
59700.0
  0
HATCH
  5
251
330
17
100
AcDbEntity
  8
AN-RAYADO-EX
100
AcDbHatch
 10
0.0
 20
0.0
 30
0.0
210
0.0
220
0.0
230
1.0
  2
AR-CONC
 70
0
 71
1
 91
1
 92
3
 72
0
 73
1
 93
4
 10
92375.0
 20
59400.0
 10
91475.0
 20
59400.0
 10
91475.0
 20
59700.0
 10
92375.0
 20
59700.0
 97
1
330
250
 75
1
 76
1
 52
0.0
 41
2.5
 77
0
 78
13
 53
50.0
 43
0.0
 44
0.0
 45
455.46167249
 46
-39.8477138472
 79
2
 49
47.625
 49
-523.875
 53
355.0
 43
0.0
 44
0.0
 45
-88.1085535625
 46
477.6421130975
 79
2
 49
38.1
 49
-419.101460425
 53
100.4514447
 43
37.9550175
 44
-3.32063375
 45
367.353117726
 46
437.7943797805
 79
2
 49
40.475022
 49
-445.2256115
 53
46.1842
 43
0.0
 44
127.0
 45
677.6976022303
 46
-105.1058198317
 79
2
 49
71.4375
 49
-785.8125
 53
96.63555761
 43
56.47475
 44
118.24125
 45
593.5103351287
 46
618.5653114943
 79
2
 49
60.71255785
 49
-667.8390204
 53
351.18415117
 43
0.0
 44
127.0
 45
593.5103351625
 46
618.5653114637
 79
2
 49
57.149917675
 49
-628.6493298
 53
21.0
 43
63.5
 44
95.25
 45
379.0359781727
 46
-255.6629954677
 79
2
 49
47.625
 49
-523.875
 53
326.0
 43
63.5
 44
95.25
 45
154.505070869
 46
460.4699153057
 79
2
 49
38.1
 49
-419.1
 53
71.451445
 43
95.0863315
 44
73.94475025
 45
533.5410481968
 46
204.8069222147
 79
2
 49
40.475022
 49
-445.224844
 53
37.5
 43
0.0
 44
0.0
 45
7.7215081265
 46
211.387597183
 79
6
 49
0.0
 49
-414.02
 49
0.0
 49
-425.45
 49
0.0
 49
-420.6875
 53
7.5
 43
0.0
 44
0.0
 45
167.0491562758
 46
250.4514370453
 79
6
 49
0.0
 49
-242.57
 49
0.0
 49
-404.495
 49
0.0
 49
-160.3375
 53
-32.5
 43
-141.605
 44
0.0
 45
338.9764879172
 46
-14.3218599818
 79
6
 49
0.0
 49
-158.75
 49
0.0
 49
-495.3
 49
0.0
 49
-657.225
 53
-42.5
 43
-205.105
 44
0.0
 45
370.322953465
 46
63.5662275832
 79
6
 49
0.0
 49
-206.375
 49
0.0
 49
-328.93
 49
0.0
 49
-466.725
 98
0
  0
LWPOLYLINE
  5
252
102
{ACAD_REACTORS
330
253
102
}
330
17
100
AcDbEntity
  8
EX-HORMIGON-CORTE
100
AcDbPolyline
 90
4
 70
1
 10
83025.0
 20
59700.0
 10
82825.0
 20
59700.0
 10
82825.0
 20
63825.0
 10
83025.0
 20
63825.0
  0
HATCH
  5
253
330
17
100
AcDbEntity
  8
AN-RAYADO-EX
100
AcDbHatch
 10
0.0
 20
0.0
 30
0.0
210
0.0
220
0.0
230
1.0
  2
AR-CONC
 70
0
 71
1
 91
1
 92
3
 72
0
 73
1
 93
4
 10
83025.0
 20
59700.0
 10
82825.0
 20
59700.0
 10
82825.0
 20
63825.0
 10
83025.0
 20
63825.0
 97
1
330
252
 75
1
 76
1
 52
0.0
 41
2.5
 77
0
 78
13
 53
50.0
 43
0.0
 44
0.0
 45
455.46167249
 46
-39.8477138472
 79
2
 49
47.625
 49
-523.875
 53
355.0
 43
0.0
 44
0.0
 45
-88.1085535625
 46
477.6421130975
 79
2
 49
38.1
 49
-419.101460425
 53
100.4514447
 43
37.9550175
 44
-3.32063375
 45
367.353117726
 46
437.7943797805
 79
2
 49
40.475022
 49
-445.2256115
 53
46.1842
 43
0.0
 44
127.0
 45
677.6976022303
 46
-105.1058198317
 79
2
 49
71.4375
 49
-785.8125
 53
96.63555761
 43
56.47475
 44
118.24125
 45
593.5103351287
 46
618.5653114943
 79
2
 49
60.71255785
 49
-667.8390204
 53
351.18415117
 43
0.0
 44
127.0
 45
593.5103351625
 46
618.5653114637
 79
2
 49
57.149917675
 49
-628.6493298
 53
21.0
 43
63.5
 44
95.25
 45
379.0359781727
 46
-255.6629954677
 79
2
 49
47.625
 49
-523.875
 53
326.0
 43
63.5
 44
95.25
 45
154.505070869
 46
460.4699153057
 79
2
 49
38.1
 49
-419.1
 53
71.451445
 43
95.0863315
 44
73.94475025
 45
533.5410481968
 46
204.8069222147
 79
2
 49
40.475022
 49
-445.224844
 53
37.5
 43
0.0
 44
0.0
 45
7.7215081265
 46
211.387597183
 79
6
 49
0.0
 49
-414.02
 49
0.0
 49
-425.45
 49
0.0
 49
-420.6875
 53
7.5
 43
0.0
 44
0.0
 45
167.0491562758
 46
250.4514370453
 79
6
 49
0.0
 49
-242.57
 49
0.0
 49
-404.495
 49
0.0
 49
-160.3375
 53
-32.5
 43
-141.605
 44
0.0
 45
338.9764879172
 46
-14.3218599818
 79
6
 49
0.0
 49
-158.75
 49
0.0
 49
-495.3
 49
0.0
 49
-657.225
 53
-42.5
 43
-205.105
 44
0.0
 45
370.322953465
 46
63.5662275832
 79
6
 49
0.0
 49
-206.375
 49
0.0
 49
-328.93
 49
0.0
 49
-466.725
 98
0
  0
LWPOLYLINE
  5
254
102
{ACAD_REACTORS
330
255
102
}
330
17
100
AcDbEntity
  8
EX-MADERA
100
AcDbPolyline
 90
4
 70
1
 10
83050.0
 20
63000.0
 10
83025.0
 20
63000.0
 10
83025.0
 20
63825.0
 10
83050.0
 20
63825.0
  0
HATCH
  5
255
330
17
100
AcDbEntity
  8
AN-RAYADO-EX
100
AcDbHatch
 10
0.0
 20
0.0
 30
0.0
210
0.0
220
0.0
230
1.0
  2
SOLID
 70
1
 71
1
 91
1
 92
3
 72
0
 73
1
 93
4
 10
83050.0
 20
63000.0
 10
83025.0
 20
63000.0
 10
83025.0
 20
63825.0
 10
83050.0
 20
63825.0
 97
1
330
254
 75
1
 76
1
 98
0
  0
LWPOLYLINE
  5
256
102
{ACAD_REACTORS
330
257
102
}
330
17
100
AcDbEntity
  8
EX-MADERA
100
AcDbPolyline
 90
4
 70
1
 10
82825.0
 20
63000.0
 10
82800.0
 20
63000.0
 10
82800.0
 20
63825.0
 10
82825.0
 20
63825.0
  0
HATCH
  5
257
330
17
100
AcDbEntity
  8
AN-RAYADO-EX
100
AcDbHatch
 10
0.0
 20
0.0
 30
0.0
210
0.0
220
0.0
230
1.0
  2
SOLID
 70
1
 71
1
 91
1
 92
3
 72
0
 73
1
 93
4
 10
82825.0
 20
63000.0
 10
82800.0
 20
63000.0
 10
82800.0
 20
63825.0
 10
82825.0
 20
63825.0
 97
1
330
256
 75
1
 76
1
 98
0
  0
LWPOLYLINE
  5
258
102
{ACAD_REACTORS
330
259
102
}
330
17
100
AcDbEntity
  8
EX-HORMIGON-CORTE
100
AcDbPolyline
 90
4
 70
1
 10
83375.0
 20
59400.0
 10
82475.0
 20
59400.0
 10
82475.0
 20
59700.0
 10
83375.0
 20
59700.0
  0
HATCH
  5
259
330
17
100
AcDbEntity
  8
AN-RAYADO-EX
100
AcDbHatch
 10
0.0
 20
0.0
 30
0.0
210
0.0
220
0.0
230
1.0
  2
AR-CONC
 70
0
 71
1
 91
1
 92
3
 72
0
 73
1
 93
4
 10
83375.0
 20
59400.0
 10
82475.0
 20
59400.0
 10
82475.0
 20
59700.0
 10
83375.0
 20
59700.0
 97
1
330
258
 75
1
 76
1
 52
0.0
 41
2.5
 77
0
 78
13
 53
50.0
 43
0.0
 44
0.0
 45
455.46167249
 46
-39.8477138472
 79
2
 49
47.625
 49
-523.875
 53
355.0
 43
0.0
 44
0.0
 45
-88.1085535625
 46
477.6421130975
 79
2
 49
38.1
 49
-419.101460425
 53
100.4514447
 43
37.9550175
 44
-3.32063375
 45
367.353117726
 46
437.7943797805
 79
2
 49
40.475022
 49
-445.2256115
 53
46.1842
 43
0.0
 44
127.0
 45
677.6976022303
 46
-105.1058198317
 79
2
 49
71.4375
 49
-785.8125
 53
96.63555761
 43
56.47475
 44
118.24125
 45
593.5103351287
 46
618.5653114943
 79
2
 49
60.71255785
 49
-667.8390204
 53
351.18415117
 43
0.0
 44
127.0
 45
593.5103351625
 46
618.5653114637
 79
2
 49
57.149917675
 49
-628.6493298
 53
21.0
 43
63.5
 44
95.25
 45
379.0359781727
 46
-255.6629954677
 79
2
 49
47.625
 49
-523.875
 53
326.0
 43
63.5
 44
95.25
 45
154.505070869
 46
460.4699153057
 79
2
 49
38.1
 49
-419.1
 53
71.451445
 43
95.0863315
 44
73.94475025
 45
533.5410481968
 46
204.8069222147
 79
2
 49
40.475022
 49
-445.224844
 53
37.5
 43
0.0
 44
0.0
 45
7.7215081265
 46
211.387597183
 79
6
 49
0.0
 49
-414.02
 49
0.0
 49
-425.45
 49
0.0
 49
-420.6875
 53
7.5
 43
0.0
 44
0.0
 45
167.0491562758
 46
250.4514370453
 79
6
 49
0.0
 49
-242.57
 49
0.0
 49
-404.495
 49
0.0
 49
-160.3375
 53
-32.5
 43
-141.605
 44
0.0
 45
338.9764879172
 46
-14.3218599818
 79
6
 49
0.0
 49
-158.75
 49
0.0
 49
-495.3
 49
0.0
 49
-657.225
 53
-42.5
 43
-205.105
 44
0.0
 45
370.322953465
 46
63.5662275832
 79
6
 49
0.0
 49
-206.375
 49
0.0
 49
-328.93
 49
0.0
 49
-466.725
 98
0
  0
LWPOLYLINE
  5
25A
102
{ACAD_REACTORS
330
25B
102
}
330
17
100
AcDbEntity
  8
EX-HORMIGON-CORTE
100
AcDbPolyline
 90
4
 70
1
 10
109825.0
 20
59850.0
 10
101025.0
 20
59850.0
 10
101025.0
 20
60000.0
 10
109825.0
 20
60000.0
  0
HATCH
  5
25B
330
17
100
AcDbEntity
  8
AN-RAYADO-EX
100
AcDbHatch
 10
0.0
 20
0.0
 30
0.0
210
0.0
220
0.0
230
1.0
  2
AR-CONC
 70
0
 71
1
 91
1
 92
3
 72
0
 73
1
 93
4
 10
109825.0
 20
59850.0
 10
101025.0
 20
59850.0
 10
101025.0
 20
60000.0
 10
109825.0
 20
60000.0
 97
1
330
25A
 75
1
 76
1
 52
0.0
 41
2.5
 77
0
 78
13
 53
50.0
 43
0.0
 44
0.0
 45
455.46167249
 46
-39.8477138472
 79
2
 49
47.625
 49
-523.875
 53
355.0
 43
0.0
 44
0.0
 45
-88.1085535625
 46
477.6421130975
 79
2
 49
38.1
 49
-419.101460425
 53
100.4514447
 43
37.9550175
 44
-3.32063375
 45
367.353117726
 46
437.7943797805
 79
2
 49
40.475022
 49
-445.2256115
 53
46.1842
 43
0.0
 44
127.0
 45
677.6976022303
 46
-105.1058198317
 79
2
 49
71.4375
 49
-785.8125
 53
96.63555761
 43
56.47475
 44
118.24125
 45
593.5103351287
 46
618.5653114943
 79
2
 49
60.71255785
 49
-667.8390204
 53
351.18415117
 43
0.0
 44
127.0
 45
593.5103351625
 46
618.5653114637
 79
2
 49
57.149917675
 49
-628.6493298
 53
21.0
 43
63.5
 44
95.25
 45
379.0359781727
 46
-255.6629954677
 79
2
 49
47.625
 49
-523.875
 53
326.0
 43
63.5
 44
95.25
 45
154.505070869
 46
460.4699153057
 79
2
 49
38.1
 49
-419.1
 53
71.451445
 43
95.0863315
 44
73.94475025
 45
533.5410481968
 46
204.8069222147
 79
2
 49
40.475022
 49
-445.224844
 53
37.5
 43
0.0
 44
0.0
 45
7.7215081265
 46
211.387597183
 79
6
 49
0.0
 49
-414.02
 49
0.0
 49
-425.45
 49
0.0
 49
-420.6875
 53
7.5
 43
0.0
 44
0.0
 45
167.0491562758
 46
250.4514370453
 79
6
 49
0.0
 49
-242.57
 49
0.0
 49
-404.495
 49
0.0
 49
-160.3375
 53
-32.5
 43
-141.605
 44
0.0
 45
338.9764879172
 46
-14.3218599818
 79
6
 49
0.0
 49
-158.75
 49
0.0
 49
-495.3
 49
0.0
 49
-657.225
 53
-42.5
 43
-205.105
 44
0.0
 45
370.322953465
 46
63.5662275832
 79
6
 49
0.0
 49
-206.375
 49
0.0
 49
-328.93
 49
0.0
 49
-466.725
 98
0
  0
LWPOLYLINE
  5
25C
102
{ACAD_REACTORS
330
25D
102
}
330
17
100
AcDbEntity
  8
EX-TERRENO
100
AcDbPolyline
 90
4
 70
1
 10
109825.0
 20
59700.0
 10
101025.0
 20
59700.0
 10
101025.0
 20
59850.0
 10
109825.0
 20
59850.0
  0
HATCH
  5
25D
330
17
100
AcDbEntity
  8
AN-RAYADO-EX
100
AcDbHatch
 10
0.0
 20
0.0
 30
0.0
210
0.0
220
0.0
230
1.0
  2
EARTH
 70
0
 71
1
 91
1
 92
3
 72
0
 73
1
 93
4
 10
109825.0
 20
59700.0
 10
101025.0
 20
59700.0
 10
101025.0
 20
59850.0
 10
109825.0
 20
59850.0
 97
1
330
25C
 75
1
 76
1
 52
0.0
 41
37.5
 77
0
 78
6
 53
0.0
 43
0.0
 44
0.0
 45
238.125
 46
238.125
 79
2
 49
238.125
 49
-238.125
 53
0.0
 43
0.0
 44
89.296875
 45
238.125
 46
238.125
 79
2
 49
238.125
 49
-238.125
 53
0.0
 43
0.0
 44
178.59375
 45
238.125
 46
238.125
 79
2
 49
238.125
 49
-238.125
 53
90.0
 43
29.765625
 44
208.359375
 45
-238.125
 46
238.125
 79
2
 49
238.125
 49
-238.125
 53
90.0
 43
119.0625
 44
208.359375
 45
-238.125
 46
238.125
 79
2
 49
238.125
 49
-238.125
 53
90.0
 43
208.359375
 44
208.359375
 45
-238.125
 46
238.125
 79
2
 49
238.125
 49
-238.125
 98
0
  0
LWPOLYLINE
  5
25E
102
{ACAD_REACTORS
330
25F
102
}
330
17
100
AcDbEntity
  8
EX-HORMIGON-CORTE
100
AcDbPolyline
 90
4
 70
1
 10
100825.0
 20
59850.0
 10
96525.0
 20
59850.0
 10
96525.0
 20
60000.0
 10
100825.0
 20
60000.0
  0
HATCH
  5
25F
330
17
100
AcDbEntity
  8
AN-RAYADO-EX
100
AcDbHatch
 10
0.0
 20
0.0
 30
0.0
210
0.0
220
0.0
230
1.0
  2
AR-CONC
 70
0
 71
1
 91
1
 92
3
 72
0
 73
1
 93
4
 10
100825.0
 20
59850.0
 10
96525.0
 20
59850.0
 10
96525.0
 20
60000.0
 10
100825.0
 20
60000.0
 97
1
330
25E
 75
1
 76
1
 52
0.0
 41
2.5
 77
0
 78
13
 53
50.0
 43
0.0
 44
0.0
 45
455.46167249
 46
-39.8477138472
 79
2
 49
47.625
 49
-523.875
 53
355.0
 43
0.0
 44
0.0
 45
-88.1085535625
 46
477.6421130975
 79
2
 49
38.1
 49
-419.101460425
 53
100.4514447
 43
37.9550175
 44
-3.32063375
 45
367.353117726
 46
437.7943797805
 79
2
 49
40.475022
 49
-445.2256115
 53
46.1842
 43
0.0
 44
127.0
 45
677.6976022303
 46
-105.1058198317
 79
2
 49
71.4375
 49
-785.8125
 53
96.63555761
 43
56.47475
 44
118.24125
 45
593.5103351287
 46
618.5653114943
 79
2
 49
60.71255785
 49
-667.8390204
 53
351.18415117
 43
0.0
 44
127.0
 45
593.5103351625
 46
618.5653114637
 79
2
 49
57.149917675
 49
-628.6493298
 53
21.0
 43
63.5
 44
95.25
 45
379.0359781727
 46
-255.6629954677
 79
2
 49
47.625
 49
-523.875
 53
326.0
 43
63.5
 44
95.25
 45
154.505070869
 46
460.4699153057
 79
2
 49
38.1
 49
-419.1
 53
71.451445
 43
95.0863315
 44
73.94475025
 45
533.5410481968
 46
204.8069222147
 79
2
 49
40.475022
 49
-445.224844
 53
37.5
 43
0.0
 44
0.0
 45
7.7215081265
 46
211.387597183
 79
6
 49
0.0
 49
-414.02
 49
0.0
 49
-425.45
 49
0.0
 49
-420.6875
 53
7.5
 43
0.0
 44
0.0
 45
167.0491562758
 46
250.4514370453
 79
6
 49
0.0
 49
-242.57
 49
0.0
 49
-404.495
 49
0.0
 49
-160.3375
 53
-32.5
 43
-141.605
 44
0.0
 45
338.9764879172
 46
-14.3218599818
 79
6
 49
0.0
 49
-158.75
 49
0.0
 49
-495.3
 49
0.0
 49
-657.225
 53
-42.5
 43
-205.105
 44
0.0
 45
370.322953465
 46
63.5662275832
 79
6
 49
0.0
 49
-206.375
 49
0.0
 49
-328.93
 49
0.0
 49
-466.725
 98
0
  0
LWPOLYLINE
  5
260
102
{ACAD_REACTORS
330
261
102
}
330
17
100
AcDbEntity
  8
EX-TERRENO
100
AcDbPolyline
 90
4
 70
1
 10
100825.0
 20
59700.0
 10
96525.0
 20
59700.0
 10
96525.0
 20
59850.0
 10
100825.0
 20
59850.0
  0
HATCH
  5
261
330
17
100
AcDbEntity
  8
AN-RAYADO-EX
100
AcDbHatch
 10
0.0
 20
0.0
 30
0.0
210
0.0
220
0.0
230
1.0
  2
EARTH
 70
0
 71
1
 91
1
 92
3
 72
0
 73
1
 93
4
 10
100825.0
 20
59700.0
 10
96525.0
 20
59700.0
 10
96525.0
 20
59850.0
 10
100825.0
 20
59850.0
 97
1
330
260
 75
1
 76
1
 52
0.0
 41
37.5
 77
0
 78
6
 53
0.0
 43
0.0
 44
0.0
 45
238.125
 46
238.125
 79
2
 49
238.125
 49
-238.125
 53
0.0
 43
0.0
 44
89.296875
 45
238.125
 46
238.125
 79
2
 49
238.125
 49
-238.125
 53
0.0
 43
0.0
 44
178.59375
 45
238.125
 46
238.125
 79
2
 49
238.125
 49
-238.125
 53
90.0
 43
29.765625
 44
208.359375
 45
-238.125
 46
238.125
 79
2
 49
238.125
 49
-238.125
 53
90.0
 43
119.0625
 44
208.359375
 45
-238.125
 46
238.125
 79
2
 49
238.125
 49
-238.125
 53
90.0
 43
208.359375
 44
208.359375
 45
-238.125
 46
238.125
 79
2
 49
238.125
 49
-238.125
 98
0
  0
LWPOLYLINE
  5
262
102
{ACAD_REACTORS
330
263
102
}
330
17
100
AcDbEntity
  8
EX-HORMIGON-CORTE
100
AcDbPolyline
 90
4
 70
1
 10
96325.0
 20
59850.0
 10
92025.0
 20
59850.0
 10
92025.0
 20
60000.0
 10
96325.0
 20
60000.0
  0
HATCH
  5
263
330
17
100
AcDbEntity
  8
AN-RAYADO-EX
100
AcDbHatch
 10
0.0
 20
0.0
 30
0.0
210
0.0
220
0.0
230
1.0
  2
AR-CONC
 70
0
 71
1
 91
1
 92
3
 72
0
 73
1
 93
4
 10
96325.0
 20
59850.0
 10
92025.0
 20
59850.0
 10
92025.0
 20
60000.0
 10
96325.0
 20
60000.0
 97
1
330
262
 75
1
 76
1
 52
0.0
 41
2.5
 77
0
 78
13
 53
50.0
 43
0.0
 44
0.0
 45
455.46167249
 46
-39.8477138472
 79
2
 49
47.625
 49
-523.875
 53
355.0
 43
0.0
 44
0.0
 45
-88.1085535625
 46
477.6421130975
 79
2
 49
38.1
 49
-419.101460425
 53
100.4514447
 43
37.9550175
 44
-3.32063375
 45
367.353117726
 46
437.7943797805
 79
2
 49
40.475022
 49
-445.2256115
 53
46.1842
 43
0.0
 44
127.0
 45
677.6976022303
 46
-105.1058198317
 79
2
 49
71.4375
 49
-785.8125
 53
96.63555761
 43
56.47475
 44
118.24125
 45
593.5103351287
 46
618.5653114943
 79
2
 49
60.71255785
 49
-667.8390204
 53
351.18415117
 43
0.0
 44
127.0
 45
593.5103351625
 46
618.5653114637
 79
2
 49
57.149917675
 49
-628.6493298
 53
21.0
 43
63.5
 44
95.25
 45
379.0359781727
 46
-255.6629954677
 79
2
 49
47.625
 49
-523.875
 53
326.0
 43
63.5
 44
95.25
 45
154.505070869
 46
460.4699153057
 79
2
 49
38.1
 49
-419.1
 53
71.451445
 43
95.0863315
 44
73.94475025
 45
533.5410481968
 46
204.8069222147
 79
2
 49
40.475022
 49
-445.224844
 53
37.5
 43
0.0
 44
0.0
 45
7.7215081265
 46
211.387597183
 79
6
 49
0.0
 49
-414.02
 49
0.0
 49
-425.45
 49
0.0
 49
-420.6875
 53
7.5
 43
0.0
 44
0.0
 45
167.0491562758
 46
250.4514370453
 79
6
 49
0.0
 49
-242.57
 49
0.0
 49
-404.495
 49
0.0
 49
-160.3375
 53
-32.5
 43
-141.605
 44
0.0
 45
338.9764879172
 46
-14.3218599818
 79
6
 49
0.0
 49
-158.75
 49
0.0
 49
-495.3
 49
0.0
 49
-657.225
 53
-42.5
 43
-205.105
 44
0.0
 45
370.322953465
 46
63.5662275832
 79
6
 49
0.0
 49
-206.375
 49
0.0
 49
-328.93
 49
0.0
 49
-466.725
 98
0
  0
LWPOLYLINE
  5
264
102
{ACAD_REACTORS
330
265
102
}
330
17
100
AcDbEntity
  8
EX-TERRENO
100
AcDbPolyline
 90
4
 70
1
 10
96325.0
 20
59700.0
 10
92025.0
 20
59700.0
 10
92025.0
 20
59850.0
 10
96325.0
 20
59850.0
  0
HATCH
  5
265
330
17
100
AcDbEntity
  8
AN-RAYADO-EX
100
AcDbHatch
 10
0.0
 20
0.0
 30
0.0
210
0.0
220
0.0
230
1.0
  2
EARTH
 70
0
 71
1
 91
1
 92
3
 72
0
 73
1
 93
4
 10
96325.0
 20
59700.0
 10
92025.0
 20
59700.0
 10
92025.0
 20
59850.0
 10
96325.0
 20
59850.0
 97
1
330
264
 75
1
 76
1
 52
0.0
 41
37.5
 77
0
 78
6
 53
0.0
 43
0.0
 44
0.0
 45
238.125
 46
238.125
 79
2
 49
238.125
 49
-238.125
 53
0.0
 43
0.0
 44
89.296875
 45
238.125
 46
238.125
 79
2
 49
238.125
 49
-238.125
 53
0.0
 43
0.0
 44
178.59375
 45
238.125
 46
238.125
 79
2
 49
238.125
 49
-238.125
 53
90.0
 43
29.765625
 44
208.359375
 45
-238.125
 46
238.125
 79
2
 49
238.125
 49
-238.125
 53
90.0
 43
119.0625
 44
208.359375
 45
-238.125
 46
238.125
 79
2
 49
238.125
 49
-238.125
 53
90.0
 43
208.359375
 44
208.359375
 45
-238.125
 46
238.125
 79
2
 49
238.125
 49
-238.125
 98
0
  0
LWPOLYLINE
  5
266
102
{ACAD_REACTORS
330
267
102
}
330
17
100
AcDbEntity
  8
EX-HORMIGON-CORTE
100
AcDbPolyline
 90
4
 70
1
 10
91825.0
 20
59850.0
 10
83025.0
 20
59850.0
 10
83025.0
 20
60000.0
 10
91825.0
 20
60000.0
  0
HATCH
  5
267
330
17
100
AcDbEntity
  8
AN-RAYADO-EX
100
AcDbHatch
 10
0.0
 20
0.0
 30
0.0
210
0.0
220
0.0
230
1.0
  2
AR-CONC
 70
0
 71
1
 91
1
 92
3
 72
0
 73
1
 93
4
 10
91825.0
 20
59850.0
 10
83025.0
 20
59850.0
 10
83025.0
 20
60000.0
 10
91825.0
 20
60000.0
 97
1
330
266
 75
1
 76
1
 52
0.0
 41
2.5
 77
0
 78
13
 53
50.0
 43
0.0
 44
0.0
 45
455.46167249
 46
-39.8477138472
 79
2
 49
47.625
 49
-523.875
 53
355.0
 43
0.0
 44
0.0
 45
-88.1085535625
 46
477.6421130975
 79
2
 49
38.1
 49
-419.101460425
 53
100.4514447
 43
37.9550175
 44
-3.32063375
 45
367.353117726
 46
437.7943797805
 79
2
 49
40.475022
 49
-445.2256115
 53
46.1842
 43
0.0
 44
127.0
 45
677.6976022303
 46
-105.1058198317
 79
2
 49
71.4375
 49
-785.8125
 53
96.63555761
 43
56.47475
 44
118.24125
 45
593.5103351287
 46
618.5653114943
 79
2
 49
60.71255785
 49
-667.8390204
 53
351.18415117
 43
0.0
 44
127.0
 45
593.5103351625
 46
618.5653114637
 79
2
 49
57.149917675
 49
-628.6493298
 53
21.0
 43
63.5
 44
95.25
 45
379.0359781727
 46
-255.6629954677
 79
2
 49
47.625
 49
-523.875
 53
326.0
 43
63.5
 44
95.25
 45
154.505070869
 46
460.4699153057
 79
2
 49
38.1
 49
-419.1
 53
71.451445
 43
95.0863315
 44
73.94475025
 45
533.5410481968
 46
204.8069222147
 79
2
 49
40.475022
 49
-445.224844
 53
37.5
 43
0.0
 44
0.0
 45
7.7215081265
 46
211.387597183
 79
6
 49
0.0
 49
-414.02
 49
0.0
 49
-425.45
 49
0.0
 49
-420.6875
 53
7.5
 43
0.0
 44
0.0
 45
167.0491562758
 46
250.4514370453
 79
6
 49
0.0
 49
-242.57
 49
0.0
 49
-404.495
 49
0.0
 49
-160.3375
 53
-32.5
 43
-141.605
 44
0.0
 45
338.9764879172
 46
-14.3218599818
 79
6
 49
0.0
 49
-158.75
 49
0.0
 49
-495.3
 49
0.0
 49
-657.225
 53
-42.5
 43
-205.105
 44
0.0
 45
370.322953465
 46
63.5662275832
 79
6
 49
0.0
 49
-206.375
 49
0.0
 49
-328.93
 49
0.0
 49
-466.725
 98
0
  0
LWPOLYLINE
  5
268
102
{ACAD_REACTORS
330
269
102
}
330
17
100
AcDbEntity
  8
EX-TERRENO
100
AcDbPolyline
 90
4
 70
1
 10
91825.0
 20
59700.0
 10
83025.0
 20
59700.0
 10
83025.0
 20
59850.0
 10
91825.0
 20
59850.0
  0
HATCH
  5
269
330
17
100
AcDbEntity
  8
AN-RAYADO-EX
100
AcDbHatch
 10
0.0
 20
0.0
 30
0.0
210
0.0
220
0.0
230
1.0
  2
EARTH
 70
0
 71
1
 91
1
 92
3
 72
0
 73
1
 93
4
 10
91825.0
 20
59700.0
 10
83025.0
 20
59700.0
 10
83025.0
 20
59850.0
 10
91825.0
 20
59850.0
 97
1
330
268
 75
1
 76
1
 52
0.0
 41
37.5
 77
0
 78
6
 53
0.0
 43
0.0
 44
0.0
 45
238.125
 46
238.125
 79
2
 49
238.125
 49
-238.125
 53
0.0
 43
0.0
 44
89.296875
 45
238.125
 46
238.125
 79
2
 49
238.125
 49
-238.125
 53
0.0
 43
0.0
 44
178.59375
 45
238.125
 46
238.125
 79
2
 49
238.125
 49
-238.125
 53
90.0
 43
29.765625
 44
208.359375
 45
-238.125
 46
238.125
 79
2
 49
238.125
 49
-238.125
 53
90.0
 43
119.0625
 44
208.359375
 45
-238.125
 46
238.125
 79
2
 49
238.125
 49
-238.125
 53
90.0
 43
208.359375
 44
208.359375
 45
-238.125
 46
238.125
 79
2
 49
238.125
 49
-238.125
 98
0
  0
LWPOLYLINE
  5
26A
102
{ACAD_REACTORS
330
26B
102
}
330
17
100
AcDbEntity
  8
EX-HORMIGON-CORTE
100
AcDbPolyline
 90
4
 70
1
 10
82825.0
 20
59850.0
 10
74025.0
 20
59850.0
 10
74025.0
 20
60000.0
 10
82825.0
 20
60000.0
  0
HATCH
  5
26B
330
17
100
AcDbEntity
  8
AN-RAYADO-EX
100
AcDbHatch
 10
0.0
 20
0.0
 30
0.0
210
0.0
220
0.0
230
1.0
  2
AR-CONC
 70
0
 71
1
 91
1
 92
3
 72
0
 73
1
 93
4
 10
82825.0
 20
59850.0
 10
74025.0
 20
59850.0
 10
74025.0
 20
60000.0
 10
82825.0
 20
60000.0
 97
1
330
26A
 75
1
 76
1
 52
0.0
 41
2.5
 77
0
 78
13
 53
50.0
 43
0.0
 44
0.0
 45
455.46167249
 46
-39.8477138472
 79
2
 49
47.625
 49
-523.875
 53
355.0
 43
0.0
 44
0.0
 45
-88.1085535625
 46
477.6421130975
 79
2
 49
38.1
 49
-419.101460425
 53
100.4514447
 43
37.9550175
 44
-3.32063375
 45
367.353117726
 46
437.7943797805
 79
2
 49
40.475022
 49
-445.2256115
 53
46.1842
 43
0.0
 44
127.0
 45
677.6976022303
 46
-105.1058198317
 79
2
 49
71.4375
 49
-785.8125
 53
96.63555761
 43
56.47475
 44
118.24125
 45
593.5103351287
 46
618.5653114943
 79
2
 49
60.71255785
 49
-667.8390204
 53
351.18415117
 43
0.0
 44
127.0
 45
593.5103351625
 46
618.5653114637
 79
2
 49
57.149917675
 49
-628.6493298
 53
21.0
 43
63.5
 44
95.25
 45
379.0359781727
 46
-255.6629954677
 79
2
 49
47.625
 49
-523.875
 53
326.0
 43
63.5
 44
95.25
 45
154.505070869
 46
460.4699153057
 79
2
 49
38.1
 49
-419.1
 53
71.451445
 43
95.0863315
 44
73.94475025
 45
533.5410481968
 46
204.8069222147
 79
2
 49
40.475022
 49
-445.224844
 53
37.5
 43
0.0
 44
0.0
 45
7.7215081265
 46
211.387597183
 79
6
 49
0.0
 49
-414.02
 49
0.0
 49
-425.45
 49
0.0
 49
-420.6875
 53
7.5
 43
0.0
 44
0.0
 45
167.0491562758
 46
250.4514370453
 79
6
 49
0.0
 49
-242.57
 49
0.0
 49
-404.495
 49
0.0
 49
-160.3375
 53
-32.5
 43
-141.605
 44
0.0
 45
338.9764879172
 46
-14.3218599818
 79
6
 49
0.0
 49
-158.75
 49
0.0
 49
-495.3
 49
0.0
 49
-657.225
 53
-42.5
 43
-205.105
 44
0.0
 45
370.322953465
 46
63.5662275832
 79
6
 49
0.0
 49
-206.375
 49
0.0
 49
-328.93
 49
0.0
 49
-466.725
 98
0
  0
LWPOLYLINE
  5
26C
102
{ACAD_REACTORS
330
26D
102
}
330
17
100
AcDbEntity
  8
EX-TERRENO
100
AcDbPolyline
 90
4
 70
1
 10
82825.0
 20
59700.0
 10
74025.0
 20
59700.0
 10
74025.0
 20
59850.0
 10
82825.0
 20
59850.0
  0
HATCH
  5
26D
330
17
100
AcDbEntity
  8
AN-RAYADO-EX
100
AcDbHatch
 10
0.0
 20
0.0
 30
0.0
210
0.0
220
0.0
230
1.0
  2
EARTH
 70
0
 71
1
 91
1
 92
3
 72
0
 73
1
 93
4
 10
82825.0
 20
59700.0
 10
74025.0
 20
59700.0
 10
74025.0
 20
59850.0
 10
82825.0
 20
59850.0
 97
1
330
26C
 75
1
 76
1
 52
0.0
 41
37.5
 77
0
 78
6
 53
0.0
 43
0.0
 44
0.0
 45
238.125
 46
238.125
 79
2
 49
238.125
 49
-238.125
 53
0.0
 43
0.0
 44
89.296875
 45
238.125
 46
238.125
 79
2
 49
238.125
 49
-238.125
 53
0.0
 43
0.0
 44
178.59375
 45
238.125
 46
238.125
 79
2
 49
238.125
 49
-238.125
 53
90.0
 43
29.765625
 44
208.359375
 45
-238.125
 46
238.125
 79
2
 49
238.125
 49
-238.125
 53
90.0
 43
119.0625
 44
208.359375
 45
-238.125
 46
238.125
 79
2
 49
238.125
 49
-238.125
 53
90.0
 43
208.359375
 44
208.359375
 45
-238.125
 46
238.125
 79
2
 49
238.125
 49
-238.125
 98
0
  0
LWPOLYLINE
  5
26E
330
17
100
AcDbEntity
  8
EX-CERRAMIENTO
370
35
100
AcDbPolyline
 90
2
 70
0
 10
110175.0
 20
66261.23348017622
 10
73675.0
 20
66261.23348017622
  0
LWPOLYLINE
  5
26F
330
17
100
AcDbEntity
  8
EX-MADERA
100
AcDbPolyline
 90
4
 70
1
 10
110175.0
 20
65911.23348017622
 10
73675.0
 20
65911.23348017622
 10
73675.0
 20
66211.23348017622
 10
110175.0
 20
66211.23348017622
  0
LINE
  5
270
330
17
100
AcDbEntity
  8
EX-TERRENO
100
AcDbLine
 10
73675.0
 20
59800.0
 30
0.0
 11
73550.0
 21
59800.0
 31
0.0
  0
LWPOLYLINE
  5
271
102
{ACAD_REACTORS
330
272
102
}
330
17
100
AcDbEntity
  8
EX-TERRENO
370
0
100
AcDbPolyline
 90
4
 70
1
 10
73675.0
 20
59650.0
 10
73550.0
 20
59650.0
 10
73550.0
 20
59800.0
 10
73675.0
 20
59800.0
  0
HATCH
  5
272
330
17
100
AcDbEntity
  8
AN-RAYADO-EX
100
AcDbHatch
 10
0.0
 20
0.0
 30
0.0
210
0.0
220
0.0
230
1.0
  2
EARTH
 70
0
 71
1
 91
1
 92
3
 72
0
 73
1
 93
4
 10
73675.0
 20
59650.0
 10
73550.0
 20
59650.0
 10
73550.0
 20
59800.0
 10
73675.0
 20
59800.0
 97
1
330
271
 75
1
 76
1
 52
0.0
 41
37.5
 77
0
 78
6
 53
0.0
 43
0.0
 44
0.0
 45
238.125
 46
238.125
 79
2
 49
238.125
 49
-238.125
 53
0.0
 43
0.0
 44
89.296875
 45
238.125
 46
238.125
 79
2
 49
238.125
 49
-238.125
 53
0.0
 43
0.0
 44
178.59375
 45
238.125
 46
238.125
 79
2
 49
238.125
 49
-238.125
 53
90.0
 43
29.765625
 44
208.359375
 45
-238.125
 46
238.125
 79
2
 49
238.125
 49
-238.125
 53
90.0
 43
119.0625
 44
208.359375
 45
-238.125
 46
238.125
 79
2
 49
238.125
 49
-238.125
 53
90.0
 43
208.359375
 44
208.359375
 45
-238.125
 46
238.125
 79
2
 49
238.125
 49
-238.125
 98
0
  0
LINE
  5
273
330
17
100
AcDbEntity
  8
EX-TERRENO
100
AcDbLine
 10
68550.0
 20
59800.0
 30
0.0
 11
66500.0
 21
59800.0
 31
0.0
  0
LWPOLYLINE
  5
274
102
{ACAD_REACTORS
330
275
102
}
330
17
100
AcDbEntity
  8
EX-TERRENO
370
0
100
AcDbPolyline
 90
4
 70
1
 10
68550.0
 20
59650.0
 10
66500.0
 20
59650.0
 10
66500.0
 20
59800.0
 10
68550.0
 20
59800.0
  0
HATCH
  5
275
330
17
100
AcDbEntity
  8
AN-RAYADO-EX
100
AcDbHatch
 10
0.0
 20
0.0
 30
0.0
210
0.0
220
0.0
230
1.0
  2
EARTH
 70
0
 71
1
 91
1
 92
3
 72
0
 73
1
 93
4
 10
68550.0
 20
59650.0
 10
66500.0
 20
59650.0
 10
66500.0
 20
59800.0
 10
68550.0
 20
59800.0
 97
1
330
274
 75
1
 76
1
 52
0.0
 41
37.5
 77
0
 78
6
 53
0.0
 43
0.0
 44
0.0
 45
238.125
 46
238.125
 79
2
 49
238.125
 49
-238.125
 53
0.0
 43
0.0
 44
89.296875
 45
238.125
 46
238.125
 79
2
 49
238.125
 49
-238.125
 53
0.0
 43
0.0
 44
178.59375
 45
238.125
 46
238.125
 79
2
 49
238.125
 49
-238.125
 53
90.0
 43
29.765625
 44
208.359375
 45
-238.125
 46
238.125
 79
2
 49
238.125
 49
-238.125
 53
90.0
 43
119.0625
 44
208.359375
 45
-238.125
 46
238.125
 79
2
 49
238.125
 49
-238.125
 53
90.0
 43
208.359375
 44
208.359375
 45
-238.125
 46
238.125
 79
2
 49
238.125
 49
-238.125
 98
0
  0
LWPOLYLINE
  5
276
330
17
100
AcDbEntity
  8
EX-HORMIGON-VISTA
100
AcDbPolyline
 90
4
 70
0
 10
119850.0
 20
59800.0
 10
119850.0
 20
63900.0
 10
142850.0
 20
63900.0
 10
142850.0
 20
59800.0
  0
LWPOLYLINE
  5
277
330
17
100
AcDbEntity
  8
EX-CERRAMIENTO
100
AcDbPolyline
 90
5
 70
0
 10
119850.0
 20
63900.0
 10
119850.0
 20
65237.444933920706
 10
131350.0
 20
66200.0
 10
142850.0
 20
65389.42731277533
 10
142850.0
 20
63900.0
  0
LWPOLYLINE
  5
278
330
17
100
AcDbEntity
  8
EX-MADERA
100
AcDbPolyline
 90
6
 70
1
 10
119700.0
 20
65574.88986784141
 10
131350.0
 20
66550.0
 10
143000.0
 20
65728.85462555067
 10
143000.0
 20
65378.85462555066
 10
131350.0
 20
66200.0
 10
119700.0
 20
65224.88986784141
  0
LWPOLYLINE
  5
279
330
17
100
AcDbEntity
  8
EX-COLUMNAS
370
25
100
AcDbPolyline
 90
4
 70
1
 10
119825.0
 20
63900.0
 10
120025.0
 20
63900.0
 10
120025.0
 20
65243.72246696035
 10
119825.0
 20
65243.72246696035
  0
LWPOLYLINE
  5
27A
330
17
100
AcDbEntity
  8
EX-COLUMNAS
370
25
100
AcDbPolyline
 90
4
 70
1
 10
129250.0
 20
63900.0
 10
129450.0
 20
63900.0
 10
129450.0
 20
66032.59911894273
 10
129250.0
 20
66032.59911894273
  0
LWPOLYLINE
  5
27B
330
17
100
AcDbEntity
  8
EX-COLUMNAS
370
25
100
AcDbPolyline
 90
4
 70
1
 10
133250.0
 20
63900.0
 10
133450.0
 20
63900.0
 10
133450.0
 20
66059.03083700441
 10
133250.0
 20
66059.03083700441
  0
LWPOLYLINE
  5
27C
330
17
100
AcDbEntity
  8
EX-COLUMNAS
370
25
100
AcDbPolyline
 90
4
 70
1
 10
142675.0
 20
63900.0
 10
142875.0
 20
63900.0
 10
142875.0
 20
65394.71365638766
 10
142675.0
 20
65394.71365638766
  0
LINE
  5
27D
330
17
100
AcDbEntity
  8
EX-TERRENO
100
AcDbLine
 10
118500.0
 20
59800.0
 30
0.0
 11
144200.0
 21
59800.0
 31
0.0
  0
LWPOLYLINE
  5
27E
102
{ACAD_REACTORS
330
27F
102
}
330
17
100
AcDbEntity
  8
EX-TERRENO
370
0
100
AcDbPolyline
 90
4
 70
1
 10
118500.0
 20
59650.0
 10
144200.0
 20
59650.0
 10
144200.0
 20
59800.0
 10
118500.0
 20
59800.0
  0
HATCH
  5
27F
330
17
100
AcDbEntity
  8
AN-RAYADO-EX
100
AcDbHatch
 10
0.0
 20
0.0
 30
0.0
210
0.0
220
0.0
230
1.0
  2
EARTH
 70
0
 71
1
 91
1
 92
3
 72
0
 73
1
 93
4
 10
118500.0
 20
59650.0
 10
144200.0
 20
59650.0
 10
144200.0
 20
59800.0
 10
118500.0
 20
59800.0
 97
1
330
27E
 75
1
 76
1
 52
0.0
 41
37.5
 77
0
 78
6
 53
0.0
 43
0.0
 44
0.0
 45
238.125
 46
238.125
 79
2
 49
238.125
 49
-238.125
 53
0.0
 43
0.0
 44
89.296875
 45
238.125
 46
238.125
 79
2
 49
238.125
 49
-238.125
 53
0.0
 43
0.0
 44
178.59375
 45
238.125
 46
238.125
 79
2
 49
238.125
 49
-238.125
 53
90.0
 43
29.765625
 44
208.359375
 45
-238.125
 46
238.125
 79
2
 49
238.125
 49
-238.125
 53
90.0
 43
119.0625
 44
208.359375
 45
-238.125
 46
238.125
 79
2
 49
238.125
 49
-238.125
 53
90.0
 43
208.359375
 44
208.359375
 45
-238.125
 46
238.125
 79
2
 49
238.125
 49
-238.125
 98
0
  0
LWPOLYLINE
  5
280
102
{ACAD_REACTORS
330
281
102
}
330
17
100
AcDbEntity
  8
EX-HORMIGON-CORTE
100
AcDbPolyline
 90
4
 70
1
 10
-450.0
 20
359400.0
 10
450.0
 20
359400.0
 10
450.0
 20
359700.0
 10
-450.0
 20
359700.0
  0
HATCH
  5
281
330
17
100
AcDbEntity
  8
AN-RAYADO-EX
100
AcDbHatch
 10
0.0
 20
0.0
 30
0.0
210
0.0
220
0.0
230
1.0
  2
AR-CONC
 70
0
 71
1
 91
1
 92
3
 72
0
 73
1
 93
4
 10
-450.0
 20
359400.0
 10
450.0
 20
359400.0
 10
450.0
 20
359700.0
 10
-450.0
 20
359700.0
 97
1
330
280
 75
1
 76
1
 52
0.0
 41
0.5
 77
0
 78
13
 53
50.0
 43
0.0
 44
0.0
 45
91.092334498
 46
-7.9695427695
 79
2
 49
9.525
 49
-104.775
 53
355.0
 43
0.0
 44
0.0
 45
-17.6217107125
 46
95.5284226195
 79
2
 49
7.62
 49
-83.820292085
 53
100.4514447
 43
7.5910035
 44
-0.66412675
 45
73.4706235452
 46
87.5588759561
 79
2
 49
8.0950044
 49
-89.0451223
 53
46.1842
 43
0.0
 44
25.4
 45
135.5395204461
 46
-21.0211639663
 79
2
 49
14.2875
 49
-157.1625
 53
96.63555761
 43
11.29495
 44
23.64825
 45
118.7020670257
 46
123.7130622989
 79
2
 49
12.14251157
 49
-133.56780408
 53
351.18415117
 43
0.0
 44
25.4
 45
118.7020670325
 46
123.7130622927
 79
2
 49
11.429983535
 49
-125.72986596
 53
21.0
 43
12.7
 44
19.05
 45
75.8071956345
 46
-51.1325990935
 79
2
 49
9.525
 49
-104.775
 53
326.0
 43
12.7
 44
19.05
 45
30.9010141738
 46
92.0939830611
 79
2
 49
7.62
 49
-83.82
 53
71.451445
 43
19.0172663
 44
14.78895005
 45
106.7082096394
 46
40.9613844429
 79
2
 49
8.0950044
 49
-89.0449688
 53
37.5
 43
0.0
 44
0.0
 45
1.5443016253
 46
42.2775194366
 79
6
 49
0.0
 49
-82.804
 49
0.0
 49
-85.09
 49
0.0
 49
-84.1375
 53
7.5
 43
0.0
 44
0.0
 45
33.4098312552
 46
50.090287409
 79
6
 49
0.0
 49
-48.514
 49
0.0
 49
-80.899
 49
0.0
 49
-32.0675
 53
-32.5
 43
-28.321
 44
0.0
 45
67.7952975834
 46
-2.8643719964
 79
6
 49
0.0
 49
-31.75
 49
0.0
 49
-99.06
 49
0.0
 49
-131.445
 53
-42.5
 43
-41.021
 44
0.0
 45
74.064590693
 46
12.7132455166
 79
6
 49
0.0
 49
-41.275
 49
0.0
 49
-65.786
 49
0.0
 49
-93.345
 98
0
  0
LWPOLYLINE
  5
282
102
{ACAD_REACTORS
330
283
102
}
330
17
100
AcDbEntity
  8
EX-HORMIGON-CORTE
100
AcDbPolyline
 90
4
 70
1
 10
-700.0
 20
359850.0
 10
-100.0
 20
359850.0
 10
-100.0
 20
360000.0
 10
-700.0
 20
360000.0
  0
HATCH
  5
283
330
17
100
AcDbEntity
  8
AN-RAYADO-EX
100
AcDbHatch
 10
0.0
 20
0.0
 30
0.0
210
0.0
220
0.0
230
1.0
  2
AR-CONC
 70
0
 71
1
 91
1
 92
3
 72
0
 73
1
 93
4
 10
-700.0
 20
359850.0
 10
-100.0
 20
359850.0
 10
-100.0
 20
360000.0
 10
-700.0
 20
360000.0
 97
1
330
282
 75
1
 76
1
 52
0.0
 41
0.5
 77
0
 78
13
 53
50.0
 43
0.0
 44
0.0
 45
91.092334498
 46
-7.9695427695
 79
2
 49
9.525
 49
-104.775
 53
355.0
 43
0.0
 44
0.0
 45
-17.6217107125
 46
95.5284226195
 79
2
 49
7.62
 49
-83.820292085
 53
100.4514447
 43
7.5910035
 44
-0.66412675
 45
73.4706235452
 46
87.5588759561
 79
2
 49
8.0950044
 49
-89.0451223
 53
46.1842
 43
0.0
 44
25.4
 45
135.5395204461
 46
-21.0211639663
 79
2
 49
14.2875
 49
-157.1625
 53
96.63555761
 43
11.29495
 44
23.64825
 45
118.7020670257
 46
123.7130622989
 79
2
 49
12.14251157
 49
-133.56780408
 53
351.18415117
 43
0.0
 44
25.4
 45
118.7020670325
 46
123.7130622927
 79
2
 49
11.429983535
 49
-125.72986596
 53
21.0
 43
12.7
 44
19.05
 45
75.8071956345
 46
-51.1325990935
 79
2
 49
9.525
 49
-104.775
 53
326.0
 43
12.7
 44
19.05
 45
30.9010141738
 46
92.0939830611
 79
2
 49
7.62
 49
-83.82
 53
71.451445
 43
19.0172663
 44
14.78895005
 45
106.7082096394
 46
40.9613844429
 79
2
 49
8.0950044
 49
-89.0449688
 53
37.5
 43
0.0
 44
0.0
 45
1.5443016253
 46
42.2775194366
 79
6
 49
0.0
 49
-82.804
 49
0.0
 49
-85.09
 49
0.0
 49
-84.1375
 53
7.5
 43
0.0
 44
0.0
 45
33.4098312552
 46
50.090287409
 79
6
 49
0.0
 49
-48.514
 49
0.0
 49
-80.899
 49
0.0
 49
-32.0675
 53
-32.5
 43
-28.321
 44
0.0
 45
67.7952975834
 46
-2.8643719964
 79
6
 49
0.0
 49
-31.75
 49
0.0
 49
-99.06
 49
0.0
 49
-131.445
 53
-42.5
 43
-41.021
 44
0.0
 45
74.064590693
 46
12.7132455166
 79
6
 49
0.0
 49
-41.275
 49
0.0
 49
-65.786
 49
0.0
 49
-93.345
 98
0
  0
LWPOLYLINE
  5
284
102
{ACAD_REACTORS
330
285
102
}
330
17
100
AcDbEntity
  8
EX-TERRENO
100
AcDbPolyline
 90
4
 70
1
 10
-700.0
 20
359700.0
 10
-100.0
 20
359700.0
 10
-100.0
 20
359850.0
 10
-700.0
 20
359850.0
  0
HATCH
  5
285
330
17
100
AcDbEntity
  8
AN-RAYADO-EX
100
AcDbHatch
 10
0.0
 20
0.0
 30
0.0
210
0.0
220
0.0
230
1.0
  2
EARTH
 70
0
 71
1
 91
1
 92
3
 72
0
 73
1
 93
4
 10
-700.0
 20
359700.0
 10
-100.0
 20
359700.0
 10
-100.0
 20
359850.0
 10
-700.0
 20
359850.0
 97
1
330
284
 75
1
 76
1
 52
0.0
 41
7.5
 77
0
 78
6
 53
0.0
 43
0.0
 44
0.0
 45
47.625
 46
47.625
 79
2
 49
47.625
 49
-47.625
 53
0.0
 43
0.0
 44
17.859375
 45
47.625
 46
47.625
 79
2
 49
47.625
 49
-47.625
 53
0.0
 43
0.0
 44
35.71875
 45
47.625
 46
47.625
 79
2
 49
47.625
 49
-47.625
 53
90.0
 43
5.953125
 44
41.671875
 45
-47.625
 46
47.625
 79
2
 49
47.625
 49
-47.625
 53
90.0
 43
23.8125
 44
41.671875
 45
-47.625
 46
47.625
 79
2
 49
47.625
 49
-47.625
 53
90.0
 43
41.671875
 44
41.671875
 45
-47.625
 46
47.625
 79
2
 49
47.625
 49
-47.625
 98
0
  0
LWPOLYLINE
  5
286
102
{ACAD_REACTORS
330
287
102
}
330
17
100
AcDbEntity
  8
EX-HORMIGON-CORTE
100
AcDbPolyline
 90
4
 70
1
 10
100.0
 20
359850.0
 10
700.0
 20
359850.0
 10
700.0
 20
360000.0
 10
100.0
 20
360000.0
  0
HATCH
  5
287
330
17
100
AcDbEntity
  8
AN-RAYADO-EX
100
AcDbHatch
 10
0.0
 20
0.0
 30
0.0
210
0.0
220
0.0
230
1.0
  2
AR-CONC
 70
0
 71
1
 91
1
 92
3
 72
0
 73
1
 93
4
 10
100.0
 20
359850.0
 10
700.0
 20
359850.0
 10
700.0
 20
360000.0
 10
100.0
 20
360000.0
 97
1
330
286
 75
1
 76
1
 52
0.0
 41
0.5
 77
0
 78
13
 53
50.0
 43
0.0
 44
0.0
 45
91.092334498
 46
-7.9695427695
 79
2
 49
9.525
 49
-104.775
 53
355.0
 43
0.0
 44
0.0
 45
-17.6217107125
 46
95.5284226195
 79
2
 49
7.62
 49
-83.820292085
 53
100.4514447
 43
7.5910035
 44
-0.66412675
 45
73.4706235452
 46
87.5588759561
 79
2
 49
8.0950044
 49
-89.0451223
 53
46.1842
 43
0.0
 44
25.4
 45
135.5395204461
 46
-21.0211639663
 79
2
 49
14.2875
 49
-157.1625
 53
96.63555761
 43
11.29495
 44
23.64825
 45
118.7020670257
 46
123.7130622989
 79
2
 49
12.14251157
 49
-133.56780408
 53
351.18415117
 43
0.0
 44
25.4
 45
118.7020670325
 46
123.7130622927
 79
2
 49
11.429983535
 49
-125.72986596
 53
21.0
 43
12.7
 44
19.05
 45
75.8071956345
 46
-51.1325990935
 79
2
 49
9.525
 49
-104.775
 53
326.0
 43
12.7
 44
19.05
 45
30.9010141738
 46
92.0939830611
 79
2
 49
7.62
 49
-83.82
 53
71.451445
 43
19.0172663
 44
14.78895005
 45
106.7082096394
 46
40.9613844429
 79
2
 49
8.0950044
 49
-89.0449688
 53
37.5
 43
0.0
 44
0.0
 45
1.5443016253
 46
42.2775194366
 79
6
 49
0.0
 49
-82.804
 49
0.0
 49
-85.09
 49
0.0
 49
-84.1375
 53
7.5
 43
0.0
 44
0.0
 45
33.4098312552
 46
50.090287409
 79
6
 49
0.0
 49
-48.514
 49
0.0
 49
-80.899
 49
0.0
 49
-32.0675
 53
-32.5
 43
-28.321
 44
0.0
 45
67.7952975834
 46
-2.8643719964
 79
6
 49
0.0
 49
-31.75
 49
0.0
 49
-99.06
 49
0.0
 49
-131.445
 53
-42.5
 43
-41.021
 44
0.0
 45
74.064590693
 46
12.7132455166
 79
6
 49
0.0
 49
-41.275
 49
0.0
 49
-65.786
 49
0.0
 49
-93.345
 98
0
  0
LWPOLYLINE
  5
288
102
{ACAD_REACTORS
330
289
102
}
330
17
100
AcDbEntity
  8
EX-TERRENO
100
AcDbPolyline
 90
4
 70
1
 10
100.0
 20
359700.0
 10
700.0
 20
359700.0
 10
700.0
 20
359850.0
 10
100.0
 20
359850.0
  0
HATCH
  5
289
330
17
100
AcDbEntity
  8
AN-RAYADO-EX
100
AcDbHatch
 10
0.0
 20
0.0
 30
0.0
210
0.0
220
0.0
230
1.0
  2
EARTH
 70
0
 71
1
 91
1
 92
3
 72
0
 73
1
 93
4
 10
100.0
 20
359700.0
 10
700.0
 20
359700.0
 10
700.0
 20
359850.0
 10
100.0
 20
359850.0
 97
1
330
288
 75
1
 76
1
 52
0.0
 41
7.5
 77
0
 78
6
 53
0.0
 43
0.0
 44
0.0
 45
47.625
 46
47.625
 79
2
 49
47.625
 49
-47.625
 53
0.0
 43
0.0
 44
17.859375
 45
47.625
 46
47.625
 79
2
 49
47.625
 49
-47.625
 53
0.0
 43
0.0
 44
35.71875
 45
47.625
 46
47.625
 79
2
 49
47.625
 49
-47.625
 53
90.0
 43
5.953125
 44
41.671875
 45
-47.625
 46
47.625
 79
2
 49
47.625
 49
-47.625
 53
90.0
 43
23.8125
 44
41.671875
 45
-47.625
 46
47.625
 79
2
 49
47.625
 49
-47.625
 53
90.0
 43
41.671875
 44
41.671875
 45
-47.625
 46
47.625
 79
2
 49
47.625
 49
-47.625
 98
0
  0
LWPOLYLINE
  5
28A
102
{ACAD_REACTORS
330
28B
102
}
330
17
100
AcDbEntity
  8
EX-HORMIGON-CORTE
100
AcDbPolyline
 90
8
 70
1
 10
-100.0
 20
359700.0
 10
100.0
 20
359700.0
 10
100.0
 20
360600.0
 10
37.5
 20
360600.0
 10
12.5
 20
360550.0
 10
-12.5
 20
360650.0
 10
-37.5
 20
360600.0
 10
-100.0
 20
360600.0
  0
HATCH
  5
28B
330
17
100
AcDbEntity
  8
AN-RAYADO-EX
100
AcDbHatch
 10
0.0
 20
0.0
 30
0.0
210
0.0
220
0.0
230
1.0
  2
AR-CONC
 70
0
 71
1
 91
1
 92
3
 72
0
 73
1
 93
8
 10
-100.0
 20
359700.0
 10
100.0
 20
359700.0
 10
100.0
 20
360600.0
 10
37.5
 20
360600.0
 10
12.5
 20
360550.0
 10
-12.5
 20
360650.0
 10
-37.5
 20
360600.0
 10
-100.0
 20
360600.0
 97
1
330
28A
 75
1
 76
1
 52
0.0
 41
0.5
 77
0
 78
13
 53
50.0
 43
0.0
 44
0.0
 45
91.092334498
 46
-7.9695427695
 79
2
 49
9.525
 49
-104.775
 53
355.0
 43
0.0
 44
0.0
 45
-17.6217107125
 46
95.5284226195
 79
2
 49
7.62
 49
-83.820292085
 53
100.4514447
 43
7.5910035
 44
-0.66412675
 45
73.4706235452
 46
87.5588759561
 79
2
 49
8.0950044
 49
-89.0451223
 53
46.1842
 43
0.0
 44
25.4
 45
135.5395204461
 46
-21.0211639663
 79
2
 49
14.2875
 49
-157.1625
 53
96.63555761
 43
11.29495
 44
23.64825
 45
118.7020670257
 46
123.7130622989
 79
2
 49
12.14251157
 49
-133.56780408
 53
351.18415117
 43
0.0
 44
25.4
 45
118.7020670325
 46
123.7130622927
 79
2
 49
11.429983535
 49
-125.72986596
 53
21.0
 43
12.7
 44
19.05
 45
75.8071956345
 46
-51.1325990935
 79
2
 49
9.525
 49
-104.775
 53
326.0
 43
12.7
 44
19.05
 45
30.9010141738
 46
92.0939830611
 79
2
 49
7.62
 49
-83.82
 53
71.451445
 43
19.0172663
 44
14.78895005
 45
106.7082096394
 46
40.9613844429
 79
2
 49
8.0950044
 49
-89.0449688
 53
37.5
 43
0.0
 44
0.0
 45
1.5443016253
 46
42.2775194366
 79
6
 49
0.0
 49
-82.804
 49
0.0
 49
-85.09
 49
0.0
 49
-84.1375
 53
7.5
 43
0.0
 44
0.0
 45
33.4098312552
 46
50.090287409
 79
6
 49
0.0
 49
-48.514
 49
0.0
 49
-80.899
 49
0.0
 49
-32.0675
 53
-32.5
 43
-28.321
 44
0.0
 45
67.7952975834
 46
-2.8643719964
 79
6
 49
0.0
 49
-31.75
 49
0.0
 49
-99.06
 49
0.0
 49
-131.445
 53
-42.5
 43
-41.021
 44
0.0
 45
74.064590693
 46
12.7132455166
 79
6
 49
0.0
 49
-41.275
 49
0.0
 49
-65.786
 49
0.0
 49
-93.345
 98
0
  0
LINE
  5
28C
330
17
100
AcDbEntity
  8
EX-HORMIGON-VISTA
100
AcDbLine
 10
-150.0
 20
360600.0
 30
0.0
 11
-100.0
 21
360600.0
 31
0.0
  0
LINE
  5
28D
330
17
100
AcDbEntity
  8
EX-HORMIGON-VISTA
100
AcDbLine
 10
100.0
 20
360600.0
 30
0.0
 11
150.0
 21
360600.0
 31
0.0
  0
LWPOLYLINE
  5
28E
102
{ACAD_REACTORS
330
28F
102
}
330
17
100
AcDbEntity
  8
EX-HORMIGON-CORTE
100
AcDbPolyline
 90
8
 70
1
 10
-100.0
 20
360800.0
 10
-37.5
 20
360800.0
 10
-12.5
 20
360850.0
 10
12.5
 20
360750.0
 10
37.5
 20
360800.0
 10
100.0
 20
360800.0
 10
100.0
 20
361100.0
 10
-100.0
 20
361100.0
  0
HATCH
  5
28F
330
17
100
AcDbEntity
  8
AN-RAYADO-EX
100
AcDbHatch
 10
0.0
 20
0.0
 30
0.0
210
0.0
220
0.0
230
1.0
  2
AR-CONC
 70
0
 71
1
 91
1
 92
3
 72
0
 73
1
 93
8
 10
-100.0
 20
360800.0
 10
-37.5
 20
360800.0
 10
-12.5
 20
360850.0
 10
12.5
 20
360750.0
 10
37.5
 20
360800.0
 10
100.0
 20
360800.0
 10
100.0
 20
361100.0
 10
-100.0
 20
361100.0
 97
1
330
28E
 75
1
 76
1
 52
0.0
 41
0.5
 77
0
 78
13
 53
50.0
 43
0.0
 44
0.0
 45
91.092334498
 46
-7.9695427695
 79
2
 49
9.525
 49
-104.775
 53
355.0
 43
0.0
 44
0.0
 45
-17.6217107125
 46
95.5284226195
 79
2
 49
7.62
 49
-83.820292085
 53
100.4514447
 43
7.5910035
 44
-0.66412675
 45
73.4706235452
 46
87.5588759561
 79
2
 49
8.0950044
 49
-89.0451223
 53
46.1842
 43
0.0
 44
25.4
 45
135.5395204461
 46
-21.0211639663
 79
2
 49
14.2875
 49
-157.1625
 53
96.63555761
 43
11.29495
 44
23.64825
 45
118.7020670257
 46
123.7130622989
 79
2
 49
12.14251157
 49
-133.56780408
 53
351.18415117
 43
0.0
 44
25.4
 45
118.7020670325
 46
123.7130622927
 79
2
 49
11.429983535
 49
-125.72986596
 53
21.0
 43
12.7
 44
19.05
 45
75.8071956345
 46
-51.1325990935
 79
2
 49
9.525
 49
-104.775
 53
326.0
 43
12.7
 44
19.05
 45
30.9010141738
 46
92.0939830611
 79
2
 49
7.62
 49
-83.82
 53
71.451445
 43
19.0172663
 44
14.78895005
 45
106.7082096394
 46
40.9613844429
 79
2
 49
8.0950044
 49
-89.0449688
 53
37.5
 43
0.0
 44
0.0
 45
1.5443016253
 46
42.2775194366
 79
6
 49
0.0
 49
-82.804
 49
0.0
 49
-85.09
 49
0.0
 49
-84.1375
 53
7.5
 43
0.0
 44
0.0
 45
33.4098312552
 46
50.090287409
 79
6
 49
0.0
 49
-48.514
 49
0.0
 49
-80.899
 49
0.0
 49
-32.0675
 53
-32.5
 43
-28.321
 44
0.0
 45
67.7952975834
 46
-2.8643719964
 79
6
 49
0.0
 49
-31.75
 49
0.0
 49
-99.06
 49
0.0
 49
-131.445
 53
-42.5
 43
-41.021
 44
0.0
 45
74.064590693
 46
12.7132455166
 79
6
 49
0.0
 49
-41.275
 49
0.0
 49
-65.786
 49
0.0
 49
-93.345
 98
0
  0
LINE
  5
290
330
17
100
AcDbEntity
  8
EX-HORMIGON-VISTA
100
AcDbLine
 10
-150.0
 20
360800.0
 30
0.0
 11
-100.0
 21
360800.0
 31
0.0
  0
LINE
  5
291
330
17
100
AcDbEntity
  8
EX-HORMIGON-VISTA
100
AcDbLine
 10
100.0
 20
360800.0
 30
0.0
 11
150.0
 21
360800.0
 31
0.0
  0
LWPOLYLINE
  5
292
102
{ACAD_REACTORS
330
293
102
}
330
17
100
AcDbEntity
  8
EX-HORMIGON-CORTE
100
AcDbPolyline
 90
4
 70
1
 10
-100.0
 20
361100.0
 10
100.0
 20
361100.0
 10
100.0
 20
362000.0
 10
-100.0
 20
362000.0
  0
HATCH
  5
293
330
17
100
AcDbEntity
  8
AN-RAYADO-EX
100
AcDbHatch
 10
0.0
 20
0.0
 30
0.0
210
0.0
220
0.0
230
1.0
  2
AR-CONC
 70
0
 71
1
 91
1
 92
3
 72
0
 73
1
 93
4
 10
-100.0
 20
361100.0
 10
100.0
 20
361100.0
 10
100.0
 20
362000.0
 10
-100.0
 20
362000.0
 97
1
330
292
 75
1
 76
1
 52
0.0
 41
0.5
 77
0
 78
13
 53
50.0
 43
0.0
 44
0.0
 45
91.092334498
 46
-7.9695427695
 79
2
 49
9.525
 49
-104.775
 53
355.0
 43
0.0
 44
0.0
 45
-17.6217107125
 46
95.5284226195
 79
2
 49
7.62
 49
-83.820292085
 53
100.4514447
 43
7.5910035
 44
-0.66412675
 45
73.4706235452
 46
87.5588759561
 79
2
 49
8.0950044
 49
-89.0451223
 53
46.1842
 43
0.0
 44
25.4
 45
135.5395204461
 46
-21.0211639663
 79
2
 49
14.2875
 49
-157.1625
 53
96.63555761
 43
11.29495
 44
23.64825
 45
118.7020670257
 46
123.7130622989
 79
2
 49
12.14251157
 49
-133.56780408
 53
351.18415117
 43
0.0
 44
25.4
 45
118.7020670325
 46
123.7130622927
 79
2
 49
11.429983535
 49
-125.72986596
 53
21.0
 43
12.7
 44
19.05
 45
75.8071956345
 46
-51.1325990935
 79
2
 49
9.525
 49
-104.775
 53
326.0
 43
12.7
 44
19.05
 45
30.9010141738
 46
92.0939830611
 79
2
 49
7.62
 49
-83.82
 53
71.451445
 43
19.0172663
 44
14.78895005
 45
106.7082096394
 46
40.9613844429
 79
2
 49
8.0950044
 49
-89.0449688
 53
37.5
 43
0.0
 44
0.0
 45
1.5443016253
 46
42.2775194366
 79
6
 49
0.0
 49
-82.804
 49
0.0
 49
-85.09
 49
0.0
 49
-84.1375
 53
7.5
 43
0.0
 44
0.0
 45
33.4098312552
 46
50.090287409
 79
6
 49
0.0
 49
-48.514
 49
0.0
 49
-80.899
 49
0.0
 49
-32.0675
 53
-32.5
 43
-28.321
 44
0.0
 45
67.7952975834
 46
-2.8643719964
 79
6
 49
0.0
 49
-31.75
 49
0.0
 49
-99.06
 49
0.0
 49
-131.445
 53
-42.5
 43
-41.021
 44
0.0
 45
74.064590693
 46
12.7132455166
 79
6
 49
0.0
 49
-41.275
 49
0.0
 49
-65.786
 49
0.0
 49
-93.345
 98
0
  0
LWPOLYLINE
  5
294
102
{ACAD_REACTORS
330
295
102
}
330
17
100
AcDbEntity
  8
EX-MADERA
100
AcDbPolyline
 90
4
 70
1
 10
-125.0
 20
361100.0
 10
-100.0
 20
361100.0
 10
-100.0
 20
362000.0
 10
-125.0
 20
362000.0
  0
HATCH
  5
295
330
17
100
AcDbEntity
  8
AN-RAYADO-EX
100
AcDbHatch
 10
0.0
 20
0.0
 30
0.0
210
0.0
220
0.0
230
1.0
  2
ANSI31
 70
0
 71
1
 91
1
 92
3
 72
0
 73
1
 93
4
 10
-125.0
 20
361100.0
 10
-100.0
 20
361100.0
 10
-100.0
 20
362000.0
 10
-125.0
 20
362000.0
 97
1
330
294
 75
1
 76
1
 52
45.0
 41
7.874015748031496
 77
0
 78
1
 53
90.0
 43
0.0
 44
0.0
 45
-25.0000000004
 46
0.0
 79
0
 98
0
  0
LWPOLYLINE
  5
296
102
{ACAD_REACTORS
330
297
102
}
330
17
100
AcDbEntity
  8
EX-MADERA
100
AcDbPolyline
 90
4
 70
1
 10
100.0
 20
361100.0
 10
125.0
 20
361100.0
 10
125.0
 20
362000.0
 10
100.0
 20
362000.0
  0
HATCH
  5
297
330
17
100
AcDbEntity
  8
AN-RAYADO-EX
100
AcDbHatch
 10
0.0
 20
0.0
 30
0.0
210
0.0
220
0.0
230
1.0
  2
ANSI31
 70
0
 71
1
 91
1
 92
3
 72
0
 73
1
 93
4
 10
100.0
 20
361100.0
 10
125.0
 20
361100.0
 10
125.0
 20
362000.0
 10
100.0
 20
362000.0
 97
1
330
296
 75
1
 76
1
 52
45.0
 41
7.874015748031496
 77
0
 78
1
 53
90.0
 43
0.0
 44
0.0
 45
-25.0000000004
 46
0.0
 79
0
 98
0
  0
LINE
  5
298
330
17
100
AcDbEntity
  8
EX-HORMIGON-VISTA
100
AcDbLine
 10
-60.0
 20
359440.0
 30
0.0
 11
-60.0
 21
360560.0
 31
0.0
  0
LINE
  5
299
330
17
100
AcDbEntity
  8
EX-HORMIGON-VISTA
100
AcDbLine
 10
-60.0
 20
360850.0
 30
0.0
 11
-60.0
 21
361050.0
 31
0.0
  0
LWPOLYLINE
  5
29A
330
17
100
AcDbEntity
  8
EX-HORMIGON-VISTA
100
AcDbPolyline
 90
2
 70
1
 43
6.0
 10
-63.0
 20
359900.0
 42
1.0
 10
-57.0
 20
359900.0
 42
1.0
  0
LWPOLYLINE
  5
29B
330
17
100
AcDbEntity
  8
EX-HORMIGON-VISTA
100
AcDbPolyline
 90
2
 70
1
 43
6.0
 10
-63.0
 20
360100.0
 42
1.0
 10
-57.0
 20
360100.0
 42
1.0
  0
LWPOLYLINE
  5
29C
330
17
100
AcDbEntity
  8
EX-HORMIGON-VISTA
100
AcDbPolyline
 90
2
 70
1
 43
6.0
 10
-63.0
 20
360300.0
 42
1.0
 10
-57.0
 20
360300.0
 42
1.0
  0
LWPOLYLINE
  5
29D
330
17
100
AcDbEntity
  8
EX-HORMIGON-VISTA
100
AcDbPolyline
 90
2
 70
1
 43
6.0
 10
-63.0
 20
360500.0
 42
1.0
 10
-57.0
 20
360500.0
 42
1.0
  0
LINE
  5
29E
330
17
100
AcDbEntity
  8
EX-HORMIGON-VISTA
100
AcDbLine
 10
60.0
 20
359440.0
 30
0.0
 11
60.0
 21
360560.0
 31
0.0
  0
LINE
  5
29F
330
17
100
AcDbEntity
  8
EX-HORMIGON-VISTA
100
AcDbLine
 10
60.0
 20
360850.0
 30
0.0
 11
60.0
 21
361050.0
 31
0.0
  0
LWPOLYLINE
  5
2A0
330
17
100
AcDbEntity
  8
EX-HORMIGON-VISTA
100
AcDbPolyline
 90
2
 70
1
 43
6.0
 10
57.0
 20
359900.0
 42
1.0
 10
63.0
 20
359900.0
 42
1.0
  0
LWPOLYLINE
  5
2A1
330
17
100
AcDbEntity
  8
EX-HORMIGON-VISTA
100
AcDbPolyline
 90
2
 70
1
 43
6.0
 10
57.0
 20
360100.0
 42
1.0
 10
63.0
 20
360100.0
 42
1.0
  0
LWPOLYLINE
  5
2A2
330
17
100
AcDbEntity
  8
EX-HORMIGON-VISTA
100
AcDbPolyline
 90
2
 70
1
 43
6.0
 10
57.0
 20
360300.0
 42
1.0
 10
63.0
 20
360300.0
 42
1.0
  0
LWPOLYLINE
  5
2A3
330
17
100
AcDbEntity
  8
EX-HORMIGON-VISTA
100
AcDbPolyline
 90
2
 70
1
 43
6.0
 10
57.0
 20
360500.0
 42
1.0
 10
63.0
 20
360500.0
 42
1.0
  0
LWPOLYLINE
  5
2A4
102
{ACAD_REACTORS
330
2A5
102
}
330
17
100
AcDbEntity
  8
EX-HORMIGON-CORTE
100
AcDbPolyline
 90
4
 70
1
 10
5700.0
 20
359500.0
 10
6150.0
 20
359500.0
 10
6150.0
 20
359650.0
 10
5700.0
 20
359650.0
  0
HATCH
  5
2A5
330
17
100
AcDbEntity
  8
AN-RAYADO-EX
100
AcDbHatch
 10
0.0
 20
0.0
 30
0.0
210
0.0
220
0.0
230
1.0
  2
AR-CONC
 70
0
 71
1
 91
1
 92
3
 72
0
 73
1
 93
4
 10
5700.0
 20
359500.0
 10
6150.0
 20
359500.0
 10
6150.0
 20
359650.0
 10
5700.0
 20
359650.0
 97
1
330
2A4
 75
1
 76
1
 52
0.0
 41
1.0
 77
0
 78
13
 53
50.0
 43
0.0
 44
0.0
 45
182.184668996
 46
-15.9390855389
 79
2
 49
19.05
 49
-209.55
 53
355.0
 43
0.0
 44
0.0
 45
-35.243421425
 46
191.056845239
 79
2
 49
15.24
 49
-167.64058417
 53
100.4514447
 43
15.182007
 44
-1.3282535
 45
146.9412470904
 46
175.1177519122
 79
2
 49
16.1900088
 49
-178.0902446
 53
46.1842
 43
0.0
 44
50.8
 45
271.0790408921
 46
-42.0423279327
 79
2
 49
28.575
 49
-314.325
 53
96.63555761
 43
22.5899
 44
47.2965
 45
237.4041340515
 46
247.4261245977
 79
2
 49
24.28502314
 49
-267.13560816
 53
351.18415117
 43
0.0
 44
50.8
 45
237.404134065
 46
247.4261245855
 79
2
 49
22.85996707
 49
-251.45973192
 53
21.0
 43
25.4
 44
38.1
 45
151.6143912691
 46
-102.2651981871
 79
2
 49
19.05
 49
-209.55
 53
326.0
 43
25.4
 44
38.1
 45
61.8020283476
 46
184.1879661223
 79
2
 49
15.24
 49
-167.64
 53
71.451445
 43
38.0345326
 44
29.5779001
 45
213.4164192787
 46
81.9227688859
 79
2
 49
16.1900088
 49
-178.0899376
 53
37.5
 43
0.0
 44
0.0
 45
3.0886032506
 46
84.5550388732
 79
6
 49
0.0
 49
-165.608
 49
0.0
 49
-170.18
 49
0.0
 49
-168.275
 53
7.5
 43
0.0
 44
0.0
 45
66.8196625103
 46
100.1805748181
 79
6
 49
0.0
 49
-97.028
 49
0.0
 49
-161.798
 49
0.0
 49
-64.135
 53
-32.5
 43
-56.642
 44
0.0
 45
135.5905951669
 46
-5.7287439927
 79
6
 49
0.0
 49
-63.5
 49
0.0
 49
-198.12
 49
0.0
 49
-262.89
 53
-42.5
 43
-82.042
 44
0.0
 45
148.129181386
 46
25.4264910333
 79
6
 49
0.0
 49
-82.55
 49
0.0
 49
-131.572
 49
0.0
 49
-186.69
 98
0
  0
LWPOLYLINE
  5
2A6
102
{ACAD_REACTORS
330
2A7
102
}
330
17
100
AcDbEntity
  8
EX-HORMIGON-CORTE
100
AcDbPolyline
 90
8
 70
1
 10
6000.0
 20
359650.0
 10
6150.0
 20
359650.0
 10
6150.0
 20
360700.0
 10
6135.0
 20
360700.0
 10
6095.0
 20
360610.0
 10
6055.0
 20
360790.0
 10
6015.0
 20
360700.0
 10
6000.0
 20
360700.0
  0
HATCH
  5
2A7
330
17
100
AcDbEntity
  8
AN-RAYADO-EX
100
AcDbHatch
 10
0.0
 20
0.0
 30
0.0
210
0.0
220
0.0
230
1.0
  2
AR-CONC
 70
0
 71
1
 91
1
 92
3
 72
0
 73
1
 93
8
 10
6000.0
 20
359650.0
 10
6150.0
 20
359650.0
 10
6150.0
 20
360700.0
 10
6135.0
 20
360700.0
 10
6095.0
 20
360610.0
 10
6055.0
 20
360790.0
 10
6015.0
 20
360700.0
 10
6000.0
 20
360700.0
 97
1
330
2A6
 75
1
 76
1
 52
0.0
 41
1.0
 77
0
 78
13
 53
50.0
 43
0.0
 44
0.0
 45
182.184668996
 46
-15.9390855389
 79
2
 49
19.05
 49
-209.55
 53
355.0
 43
0.0
 44
0.0
 45
-35.243421425
 46
191.056845239
 79
2
 49
15.24
 49
-167.64058417
 53
100.4514447
 43
15.182007
 44
-1.3282535
 45
146.9412470904
 46
175.1177519122
 79
2
 49
16.1900088
 49
-178.0902446
 53
46.1842
 43
0.0
 44
50.8
 45
271.0790408921
 46
-42.0423279327
 79
2
 49
28.575
 49
-314.325
 53
96.63555761
 43
22.5899
 44
47.2965
 45
237.4041340515
 46
247.4261245977
 79
2
 49
24.28502314
 49
-267.13560816
 53
351.18415117
 43
0.0
 44
50.8
 45
237.404134065
 46
247.4261245855
 79
2
 49
22.85996707
 49
-251.45973192
 53
21.0
 43
25.4
 44
38.1
 45
151.6143912691
 46
-102.2651981871
 79
2
 49
19.05
 49
-209.55
 53
326.0
 43
25.4
 44
38.1
 45
61.8020283476
 46
184.1879661223
 79
2
 49
15.24
 49
-167.64
 53
71.451445
 43
38.0345326
 44
29.5779001
 45
213.4164192787
 46
81.9227688859
 79
2
 49
16.1900088
 49
-178.0899376
 53
37.5
 43
0.0
 44
0.0
 45
3.0886032506
 46
84.5550388732
 79
6
 49
0.0
 49
-165.608
 49
0.0
 49
-170.18
 49
0.0
 49
-168.275
 53
7.5
 43
0.0
 44
0.0
 45
66.8196625103
 46
100.1805748181
 79
6
 49
0.0
 49
-97.028
 49
0.0
 49
-161.798
 49
0.0
 49
-64.135
 53
-32.5
 43
-56.642
 44
0.0
 45
135.5905951669
 46
-5.7287439927
 79
6
 49
0.0
 49
-63.5
 49
0.0
 49
-198.12
 49
0.0
 49
-262.89
 53
-42.5
 43
-82.042
 44
0.0
 45
148.129181386
 46
25.4264910333
 79
6
 49
0.0
 49
-82.55
 49
0.0
 49
-131.572
 49
0.0
 49
-186.69
 98
0
  0
LINE
  5
2A8
330
17
100
AcDbEntity
  8
EX-HORMIGON-VISTA
100
AcDbLine
 10
5900.0
 20
360700.0
 30
0.0
 11
6000.0
 21
360700.0
 31
0.0
  0
LINE
  5
2A9
330
17
100
AcDbEntity
  8
EX-HORMIGON-VISTA
100
AcDbLine
 10
6150.0
 20
360700.0
 30
0.0
 11
6250.0
 21
360700.0
 31
0.0
  0
LWPOLYLINE
  5
2AA
102
{ACAD_REACTORS
330
2AB
102
}
330
17
100
AcDbEntity
  8
EX-HORMIGON-CORTE
100
AcDbPolyline
 90
8
 70
1
 10
6000.0
 20
361300.0
 10
6015.0
 20
361300.0
 10
6055.0
 20
361390.0
 10
6095.0
 20
361210.0
 10
6135.0
 20
361300.0
 10
6150.0
 20
361300.0
 10
6150.0
 20
361900.0
 10
6000.0
 20
361900.0
  0
HATCH
  5
2AB
330
17
100
AcDbEntity
  8
AN-RAYADO-EX
100
AcDbHatch
 10
0.0
 20
0.0
 30
0.0
210
0.0
220
0.0
230
1.0
  2
AR-CONC
 70
0
 71
1
 91
1
 92
3
 72
0
 73
1
 93
8
 10
6000.0
 20
361300.0
 10
6015.0
 20
361300.0
 10
6055.0
 20
361390.0
 10
6095.0
 20
361210.0
 10
6135.0
 20
361300.0
 10
6150.0
 20
361300.0
 10
6150.0
 20
361900.0
 10
6000.0
 20
361900.0
 97
1
330
2AA
 75
1
 76
1
 52
0.0
 41
1.0
 77
0
 78
13
 53
50.0
 43
0.0
 44
0.0
 45
182.184668996
 46
-15.9390855389
 79
2
 49
19.05
 49
-209.55
 53
355.0
 43
0.0
 44
0.0
 45
-35.243421425
 46
191.056845239
 79
2
 49
15.24
 49
-167.64058417
 53
100.4514447
 43
15.182007
 44
-1.3282535
 45
146.9412470904
 46
175.1177519122
 79
2
 49
16.1900088
 49
-178.0902446
 53
46.1842
 43
0.0
 44
50.8
 45
271.0790408921
 46
-42.0423279327
 79
2
 49
28.575
 49
-314.325
 53
96.63555761
 43
22.5899
 44
47.2965
 45
237.4041340515
 46
247.4261245977
 79
2
 49
24.28502314
 49
-267.13560816
 53
351.18415117
 43
0.0
 44
50.8
 45
237.404134065
 46
247.4261245855
 79
2
 49
22.85996707
 49
-251.45973192
 53
21.0
 43
25.4
 44
38.1
 45
151.6143912691
 46
-102.2651981871
 79
2
 49
19.05
 49
-209.55
 53
326.0
 43
25.4
 44
38.1
 45
61.8020283476
 46
184.1879661223
 79
2
 49
15.24
 49
-167.64
 53
71.451445
 43
38.0345326
 44
29.5779001
 45
213.4164192787
 46
81.9227688859
 79
2
 49
16.1900088
 49
-178.0899376
 53
37.5
 43
0.0
 44
0.0
 45
3.0886032506
 46
84.5550388732
 79
6
 49
0.0
 49
-165.608
 49
0.0
 49
-170.18
 49
0.0
 49
-168.275
 53
7.5
 43
0.0
 44
0.0
 45
66.8196625103
 46
100.1805748181
 79
6
 49
0.0
 49
-97.028
 49
0.0
 49
-161.798
 49
0.0
 49
-64.135
 53
-32.5
 43
-56.642
 44
0.0
 45
135.5905951669
 46
-5.7287439927
 79
6
 49
0.0
 49
-63.5
 49
0.0
 49
-198.12
 49
0.0
 49
-262.89
 53
-42.5
 43
-82.042
 44
0.0
 45
148.129181386
 46
25.4264910333
 79
6
 49
0.0
 49
-82.55
 49
0.0
 49
-131.572
 49
0.0
 49
-186.69
 98
0
  0
LINE
  5
2AC
330
17
100
AcDbEntity
  8
EX-HORMIGON-VISTA
100
AcDbLine
 10
5900.0
 20
361300.0
 30
0.0
 11
6000.0
 21
361300.0
 31
0.0
  0
LINE
  5
2AD
330
17
100
AcDbEntity
  8
EX-HORMIGON-VISTA
100
AcDbLine
 10
6150.0
 20
361300.0
 30
0.0
 11
6250.0
 21
361300.0
 31
0.0
  0
LWPOLYLINE
  5
2AE
102
{ACAD_REACTORS
330
2AF
102
}
330
17
100
AcDbEntity
  8
EX-HORMIGON-CORTE
100
AcDbPolyline
 90
4
 70
1
 10
6150.0
 20
359850.0
 10
7100.0
 20
359850.0
 10
7100.0
 20
360000.0
 10
6150.0
 20
360000.0
  0
HATCH
  5
2AF
330
17
100
AcDbEntity
  8
AN-RAYADO-EX
100
AcDbHatch
 10
0.0
 20
0.0
 30
0.0
210
0.0
220
0.0
230
1.0
  2
AR-CONC
 70
0
 71
1
 91
1
 92
3
 72
0
 73
1
 93
4
 10
6150.0
 20
359850.0
 10
7100.0
 20
359850.0
 10
7100.0
 20
360000.0
 10
6150.0
 20
360000.0
 97
1
330
2AE
 75
1
 76
1
 52
0.0
 41
1.0
 77
0
 78
13
 53
50.0
 43
0.0
 44
0.0
 45
182.184668996
 46
-15.9390855389
 79
2
 49
19.05
 49
-209.55
 53
355.0
 43
0.0
 44
0.0
 45
-35.243421425
 46
191.056845239
 79
2
 49
15.24
 49
-167.64058417
 53
100.4514447
 43
15.182007
 44
-1.3282535
 45
146.9412470904
 46
175.1177519122
 79
2
 49
16.1900088
 49
-178.0902446
 53
46.1842
 43
0.0
 44
50.8
 45
271.0790408921
 46
-42.0423279327
 79
2
 49
28.575
 49
-314.325
 53
96.63555761
 43
22.5899
 44
47.2965
 45
237.4041340515
 46
247.4261245977
 79
2
 49
24.28502314
 49
-267.13560816
 53
351.18415117
 43
0.0
 44
50.8
 45
237.404134065
 46
247.4261245855
 79
2
 49
22.85996707
 49
-251.45973192
 53
21.0
 43
25.4
 44
38.1
 45
151.6143912691
 46
-102.2651981871
 79
2
 49
19.05
 49
-209.55
 53
326.0
 43
25.4
 44
38.1
 45
61.8020283476
 46
184.1879661223
 79
2
 49
15.24
 49
-167.64
 53
71.451445
 43
38.0345326
 44
29.5779001
 45
213.4164192787
 46
81.9227688859
 79
2
 49
16.1900088
 49
-178.0899376
 53
37.5
 43
0.0
 44
0.0
 45
3.0886032506
 46
84.5550388732
 79
6
 49
0.0
 49
-165.608
 49
0.0
 49
-170.18
 49
0.0
 49
-168.275
 53
7.5
 43
0.0
 44
0.0
 45
66.8196625103
 46
100.1805748181
 79
6
 49
0.0
 49
-97.028
 49
0.0
 49
-161.798
 49
0.0
 49
-64.135
 53
-32.5
 43
-56.642
 44
0.0
 45
135.5905951669
 46
-5.7287439927
 79
6
 49
0.0
 49
-63.5
 49
0.0
 49
-198.12
 49
0.0
 49
-262.89
 53
-42.5
 43
-82.042
 44
0.0
 45
148.129181386
 46
25.4264910333
 79
6
 49
0.0
 49
-82.55
 49
0.0
 49
-131.572
 49
0.0
 49
-186.69
 98
0
  0
LWPOLYLINE
  5
2B0
102
{ACAD_REACTORS
330
2B1
102
}
330
17
100
AcDbEntity
  8
EX-TERRENO
100
AcDbPolyline
 90
4
 70
1
 10
6150.0
 20
359700.0
 10
7100.0
 20
359700.0
 10
7100.0
 20
359850.0
 10
6150.0
 20
359850.0
  0
HATCH
  5
2B1
330
17
100
AcDbEntity
  8
AN-RAYADO-EX
100
AcDbHatch
 10
0.0
 20
0.0
 30
0.0
210
0.0
220
0.0
230
1.0
  2
EARTH
 70
0
 71
1
 91
1
 92
3
 72
0
 73
1
 93
4
 10
6150.0
 20
359700.0
 10
7100.0
 20
359700.0
 10
7100.0
 20
359850.0
 10
6150.0
 20
359850.0
 97
1
330
2B0
 75
1
 76
1
 52
0.0
 41
15.0
 77
0
 78
6
 53
0.0
 43
0.0
 44
0.0
 45
95.25
 46
95.25
 79
2
 49
95.25
 49
-95.25
 53
0.0
 43
0.0
 44
35.71875
 45
95.25
 46
95.25
 79
2
 49
95.25
 49
-95.25
 53
0.0
 43
0.0
 44
71.4375
 45
95.25
 46
95.25
 79
2
 49
95.25
 49
-95.25
 53
90.0
 43
11.90625
 44
83.34375
 45
-95.25
 46
95.25
 79
2
 49
95.25
 49
-95.25
 53
90.0
 43
47.625
 44
83.34375
 45
-95.25
 46
95.25
 79
2
 49
95.25
 49
-95.25
 53
90.0
 43
83.34375
 44
83.34375
 45
-95.25
 46
95.25
 79
2
 49
95.25
 49
-95.25
 98
0
  0
LINE
  5
2B2
330
17
100
AcDbEntity
  8
EX-TERRENO
100
AcDbLine
 10
5100.0
 20
359800.0
 30
0.0
 11
6000.0
 21
359800.0
 31
0.0
  0
LWPOLYLINE
  5
2B3
102
{ACAD_REACTORS
330
2B4
102
}
330
17
100
AcDbEntity
  8
EX-TERRENO
370
0
100
AcDbPolyline
 90
4
 70
1
 10
5100.0
 20
359650.0
 10
6000.0
 20
359650.0
 10
6000.0
 20
359800.0
 10
5100.0
 20
359800.0
  0
HATCH
  5
2B4
330
17
100
AcDbEntity
  8
AN-RAYADO-EX
100
AcDbHatch
 10
0.0
 20
0.0
 30
0.0
210
0.0
220
0.0
230
1.0
  2
EARTH
 70
0
 71
1
 91
1
 92
3
 72
0
 73
1
 93
4
 10
5100.0
 20
359650.0
 10
6000.0
 20
359650.0
 10
6000.0
 20
359800.0
 10
5100.0
 20
359800.0
 97
1
330
2B3
 75
1
 76
1
 52
0.0
 41
15.0
 77
0
 78
6
 53
0.0
 43
0.0
 44
0.0
 45
95.25
 46
95.25
 79
2
 49
95.25
 49
-95.25
 53
0.0
 43
0.0
 44
35.71875
 45
95.25
 46
95.25
 79
2
 49
95.25
 49
-95.25
 53
0.0
 43
0.0
 44
71.4375
 45
95.25
 46
95.25
 79
2
 49
95.25
 49
-95.25
 53
90.0
 43
11.90625
 44
83.34375
 45
-95.25
 46
95.25
 79
2
 49
95.25
 49
-95.25
 53
90.0
 43
47.625
 44
83.34375
 45
-95.25
 46
95.25
 79
2
 49
95.25
 49
-95.25
 53
90.0
 43
83.34375
 44
83.34375
 45
-95.25
 46
95.25
 79
2
 49
95.25
 49
-95.25
 98
0
  0
LINE
  5
2B5
330
17
100
AcDbEntity
  8
EX-CERRAMIENTO
370
35
100
AcDbLine
 10
5980.0
 20
361850.0
 30
0.0
 11
5980.0
 21
363535.77092511015
 31
0.0
  0
LWPOLYLINE
  5
2B6
102
{ACAD_REACTORS
330
2B7
102
}
330
17
100
AcDbEntity
  8
EX-MADERA
100
AcDbPolyline
 90
4
 70
1
 10
5985.0
 20
362300.0
 10
6035.0
 20
362300.0
 10
6035.0
 20
362375.0
 10
5985.0
 20
362375.0
  0
HATCH
  5
2B7
330
17
100
AcDbEntity
  8
AN-RAYADO-EX
100
AcDbHatch
 10
0.0
 20
0.0
 30
0.0
210
0.0
220
0.0
230
1.0
  2
SOLID
 70
1
 71
1
 91
1
 92
3
 72
0
 73
1
 93
4
 10
5985.0
 20
362300.0
 10
6035.0
 20
362300.0
 10
6035.0
 20
362375.0
 10
5985.0
 20
362375.0
 97
1
330
2B6
 75
1
 76
1
 98
0
  0
LWPOLYLINE
  5
2B8
102
{ACAD_REACTORS
330
2B9
102
}
330
17
100
AcDbEntity
  8
EX-MADERA
100
AcDbPolyline
 90
4
 70
1
 10
5985.0
 20
363000.0
 10
6035.0
 20
363000.0
 10
6035.0
 20
363075.0
 10
5985.0
 20
363075.0
  0
HATCH
  5
2B9
330
17
100
AcDbEntity
  8
AN-RAYADO-EX
100
AcDbHatch
 10
0.0
 20
0.0
 30
0.0
210
0.0
220
0.0
230
1.0
  2
SOLID
 70
1
 71
1
 91
1
 92
3
 72
0
 73
1
 93
4
 10
5985.0
 20
363000.0
 10
6035.0
 20
363000.0
 10
6035.0
 20
363075.0
 10
5985.0
 20
363075.0
 97
1
330
2B8
 75
1
 76
1
 98
0
  0
LWPOLYLINE
  5
2BA
330
17
100
AcDbEntity
  8
EX-CERRAMIENTO
370
35
100
AcDbPolyline
 90
2
 70
0
 10
5850.0
 20
363574.8898678414
 10
7100.0
 20
363679.5154185022
  0
LWPOLYLINE
  5
2BB
330
17
100
AcDbEntity
  8
EX-MADERA
100
AcDbPolyline
 90
8
 70
1
 10
6000.0
 20
363537.4449339207
 10
7100.0
 20
363629.5154185022
 10
7100.0
 20
363554.5154185022
 10
7200.0
 20
363504.5154185022
 10
7000.0
 20
363454.5154185022
 10
7100.0
 20
363404.5154185022
 10
7100.0
 20
363329.5154185022
 10
6000.0
 20
363237.4449339207
  0
LINE
  5
2BC
330
17
100
AcDbEntity
  8
EX-HORMIGON-VISTA
100
AcDbLine
 10
7100.0
 20
363729.5154185022
 30
0.0
 11
7100.0
 21
363629.5154185022
 31
0.0
  0
LINE
  5
2BD
330
17
100
AcDbEntity
  8
EX-HORMIGON-VISTA
100
AcDbLine
 10
7100.0
 20
363329.5154185022
 30
0.0
 11
7100.0
 21
363229.5154185022
 31
0.0
  0
LWPOLYLINE
  5
2BE
330
17
100
AcDbEntity
  8
EX-HORMIGON-VISTA
100
AcDbPolyline
 90
3
 70
0
 10
12000.0
 20
360000.0
 10
12000.0
 20
363000.0
 10
17700.0
 20
363000.0
  0
LINE
  5
2BF
330
17
100
AcDbEntity
  8
EX-HORMIGON-VISTA
100
AcDbLine
 10
17700.0
 20
363000.0
 30
0.0
 11
34700.0
 21
363000.0
 31
0.0
  0
LWPOLYLINE
  5
2C0
330
17
100
AcDbEntity
  8
EX-MADERA
100
AcDbPolyline
 90
3
 70
0
 10
17700.0
 20
363000.0
 10
20100.0
 20
363900.0
 10
34700.0
 20
363900.0
  0
LINE
  5
2C1
330
17
100
AcDbEntity
  8
EX-HORMIGON-VISTA
100
AcDbLine
 10
34700.0
 20
360000.0
 30
0.0
 11
34700.0
 21
363900.0
 31
0.0
  0
LINE
  5
2C2
330
17
100
AcDbEntity
  8
EX-HORMIGON-CORTE
100
AcDbLine
 10
11400.0
 20
360000.0
 30
0.0
 11
35300.0
 21
360000.0
 31
0.0
  0
LWPOLYLINE
  5
2C3
330
17
100
AcDbEntity
  8
EX-MADERA
100
AcDbPolyline
 90
3
 70
0
 10
47100.0
 20
363525.0
 10
48100.0
 20
363900.0
 10
48700.0
 20
363900.0
  0
LWPOLYLINE
  5
2C4
330
17
100
AcDbEntity
  8
EX-HORMIGON-VISTA
100
AcDbPolyline
 90
6
 70
0
 10
47100.0
 20
363400.0
 10
47870.0
 20
363400.0
 10
47890.0
 20
363440.0
 10
47910.0
 20
363360.0
 10
47930.0
 20
363400.0
 10
48700.0
 20
363400.0
  0
LINE
  5
2C5
330
17
100
AcDbEntity
  8
EX-HORMIGON-VISTA
100
AcDbLine
 10
47060.0
 20
363400.0
 30
0.0
 11
47100.0
 21
363400.0
 31
0.0
  0
LINE
  5
2C6
330
17
100
AcDbEntity
  8
EX-HORMIGON-VISTA
100
AcDbLine
 10
48700.0
 20
363400.0
 30
0.0
 11
48740.0
 21
363400.0
 31
0.0
  0
LWPOLYLINE
  5
2C7
330
17
100
AcDbEntity
  8
EX-HORMIGON-VISTA
100
AcDbPolyline
 90
6
 70
0
 10
47100.0
 20
363400.0
 10
47100.0
 20
363432.5
 10
47060.0
 20
363452.5
 10
47140.0
 20
363472.5
 10
47100.0
 20
363492.5
 10
47100.0
 20
363525.0
  0
LINE
  5
2C8
330
17
100
AcDbEntity
  8
EX-HORMIGON-VISTA
100
AcDbLine
 10
47100.0
 20
363360.0
 30
0.0
 11
47100.0
 21
363400.0
 31
0.0
  0
LINE
  5
2C9
330
17
100
AcDbEntity
  8
EX-HORMIGON-VISTA
100
AcDbLine
 10
47100.0
 20
363525.0
 30
0.0
 11
47100.0
 21
363565.0
 31
0.0
  0
LWPOLYLINE
  5
2CA
330
17
100
AcDbEntity
  8
EX-HORMIGON-VISTA
100
AcDbPolyline
 90
6
 70
0
 10
48700.0
 20
363400.0
 10
48700.0
 20
363620.0
 10
48660.0
 20
363640.0
 10
48740.0
 20
363660.0
 10
48700.0
 20
363680.0
 10
48700.0
 20
363900.0
  0
LINE
  5
2CB
330
17
100
AcDbEntity
  8
EX-HORMIGON-VISTA
100
AcDbLine
 10
48700.0
 20
363360.0
 30
0.0
 11
48700.0
 21
363400.0
 31
0.0
  0
LINE
  5
2CC
330
17
100
AcDbEntity
  8
EX-HORMIGON-VISTA
100
AcDbLine
 10
48700.0
 20
363900.0
 30
0.0
 11
48700.0
 21
363940.0
 31
0.0
  0
VIEWPORT
  5
168
330
1B
100
AcDbEntity
 67
1
  8
VIEWPORTS
100
AcDbViewport
 10
210.0
 20
148.5
 30
0.0
 40
462.00000000000006
 41
326.70000000000005
 68
1
 69
1
 12
210.0
 22
148.5
 13
0.0
 23
0.0
 14
10.0
 24
10.0
 15
10.0
 25
10.0
 16
0.0
 26
0.0
 36
1.0
 17
0.0
 27
0.0
 37
0.0
 42
50.0
 43
0.0
 44
0.0
 45
326.70000000000005
 50
0.0
 51
0.0
 72
100
 90
557088
  1

281
0
 71
0
 74
0
110
0.0
120
0.0
130
0.0
111
1.0
121
0.0
131
0.0
112
0.0
122
1.0
132
0.0
 79
0
146
0.0
282
0
  0
LWPOLYLINE
  5
169
330
1B
100
AcDbEntity
 67
1
  8
G-MARCO
100
AcDbPolyline
 90
4
 70
1
 10
25.0
 20
10.0
 10
410.0
 20
10.0
 10
410.0
 20
287.0
 10
25.0
 20
287.0
  0
LINE
  5
16A
330
1B
100
AcDbEntity
 67
1
  8
G-MARCO
100
AcDbLine
 10
210.0
 20
0.0
 30
0.0
 11
210.0
 21
15.0
 31
0.0
  0
LINE
  5
16B
330
1B
100
AcDbEntity
 67
1
  8
G-MARCO
100
AcDbLine
 10
210.0
 20
297.0
 30
0.0
 11
210.0
 21
282.0
 31
0.0
  0
LINE
  5
16C
330
1B
100
AcDbEntity
 67
1
  8
G-MARCO
100
AcDbLine
 10
0.0
 20
148.5
 30
0.0
 11
30.0
 21
148.5
 31
0.0
  0
LINE
  5
16D
330
1B
100
AcDbEntity
 67
1
  8
G-MARCO
100
AcDbLine
 10
420.0
 20
148.5
 30
0.0
 11
405.0
 21
148.5
 31
0.0
  0
INSERT
  5
16E
330
1B
100
AcDbEntity
 67
1
  8
G-ROTULO
100
AcDbBlockReference
 66
1
  2
ROTULO-A3
 10
410.0
 20
10.0
 30
0.0
  0
ATTRIB
  5
170
330
1B
100
AcDbEntity
 67
1
  8
0
 62
0
100
AcDbText
 10
256.0
 20
11.5
 30
0.0
 40
7.0
  1
PL-00
  7
IRAM-N
 72
1
 11
256.0
 21
11.5
 31
0.0
100
AcDbAttribute
  2
CODIGO
 70
0
 74
1
 71
1
 72
0
 11
256.0
 21
11.5
 31
0.0
  0
ATTRIB
  5
171
330
1B
100
AcDbEntity
 67
1
  8
0
 62
0
100
AcDbText
 10
290.0
 20
11.5
 30
0.0
 40
3.5
  1
1 de 14
  7
IRAM-N
 72
1
 11
290.0
 21
11.5
 31
0.0
100
AcDbAttribute
  2
LAMINA
 70
0
 74
1
 71
1
 72
0
 11
290.0
 21
11.5
 31
0.0
  0
ATTRIB
  5
172
330
1B
100
AcDbEntity
 67
1
  8
0
 62
0
100
AcDbText
 10
311.0
 20
11.5
 30
0.0
 40
3.5
  1
E
  7
IRAM-N
 72
1
 11
311.0
 21
11.5
 31
0.0
100
AcDbAttribute
  2
REV
 70
0
 74
1
 71
1
 72
0
 11
311.0
 21
11.5
 31
0.0
  0
ATTRIB
  5
173
330
1B
100
AcDbEntity
 67
1
  8
0
 62
0
100
AcDbText
 10
320.0
 20
15.2
 30
0.0
 40
2.5
  1
m / mm
  7
IRAM-N
 11
320.0
 21
15.2
 31
0.0
100
AcDbAttribute
  2
UNIDAD
 70
0
 74
1
 71
1
 72
0
 11
320.0
 21
15.2
 31
0.0
  0
ATTRIB
  5
174
330
1B
100
AcDbEntity
 67
1
  8
0
 62
0
100
AcDbText
 10
320.0
 20
11.2
 30
0.0
 40
2.5
  1
cotas en m salvo indicación
  7
IRAM-N
 11
320.0
 21
11.2
 31
0.0
100
AcDbAttribute
  2
UNIDAD_NOTA
 70
0
 74
1
 71
1
 72
0
 11
320.0
 21
11.2
 31
0.0
  0
ATTRIB
  5
175
330
1B
100
AcDbEntity
 67
1
  8
0
 62
0
100
AcDbText
 10
236.0
 20
26.2
 30
0.0
 40
2.5
  1
—
  7
IRAM-N
 11
236.0
 21
26.2
 31
0.0
100
AcDbAttribute
  2
ESCALA
 70
0
 74
1
 71
1
 72
0
 11
236.0
 21
26.2
 31
0.0
  0
ATTRIB
  5
176
330
1B
100
AcDbEntity
 67
1
  8
0
 62
0
100
AcDbText
 10
321.0
 20
26.2
 30
0.0
 40
2.5
  1
03/10/2026
  7
IRAM-N
 11
321.0
 21
26.2
 31
0.0
100
AcDbAttribute
  2
FECHA
 70
0
 74
1
 71
1
 72
0
 11
321.0
 21
26.2
 31
0.0
  0
ATTRIB
  5
177
330
1B
100
AcDbEntity
 67
1
  8
0
 62
0
100
AcDbText
 10
351.0
 20
26.2
 30
0.0
 40
2.5
  1
--/--/----
  7
IRAM-N
 11
351.0
 21
26.2
 31
0.0
100
AcDbAttribute
  2
IMPRESION
 70
0
 74
1
 71
1
 72
0
 11
351.0
 21
26.2
 31
0.0
  0
ATTRIB
  5
178
330
1B
100
AcDbEntity
 67
1
  8
0
 62
0
100
AcDbText
 10
236.0
 20
35.7
 30
0.0
 40
2.5
  1
Gabriel Planckensteiner
  7
IRAM-N
 11
236.0
 21
35.7
 31
0.0
100
AcDbAttribute
  2
DIBUJO
 70
0
 74
1
 71
1
 72
0
 11
236.0
 21
35.7
 31
0.0
  0
ATTRIB
  5
179
330
1B
100
AcDbEntity
 67
1
  8
0
 62
0
100
AcDbText
 10
290.0
 20
35.7
 30
0.0
 40
2.5
  1
Ing. R. Bonaiuti
  7
IRAM-N
 11
290.0
 21
35.7
 31
0.0
100
AcDbAttribute
  2
VERIFICO
 70
0
 74
1
 71
1
 72
0
 11
290.0
 21
35.7
 31
0.0
  0
ATTRIB
  5
17A
330
1B
100
AcDbEntity
 67
1
  8
0
 62
0
100
AcDbText
 10
330.0
 20
35.7
 30
0.0
 40
2.5
  1
C. D. Solera (AGD)
  7
IRAM-N
 11
330.0
 21
35.7
 31
0.0
100
AcDbAttribute
  2
TUTOR
 70
0
 74
1
 71
1
 72
0
 11
330.0
 21
35.7
 31
0.0
  0
ATTRIB
  5
17B
330
1B
100
AcDbEntity
 67
1
  8
0
 62
0
100
AcDbText
 10
378.0
 20
35.7
 30
0.0
 40
2.5
  1
VJN001
  7
IRAM-N
 11
378.0
 21
35.7
 31
0.0
100
AcDbAttribute
  2
NPROYECTO
 70
0
 74
1
 71
1
 72
0
 11
378.0
 21
35.7
 31
0.0
  0
ATTRIB
  5
17C
330
1B
100
AcDbEntity
 67
1
  8
0
 62
0
100
AcDbText
 10
236.0
 20
45.2
 30
0.0
 40
2.5
  1
Fernández · Planckensteiner · Quiroga Palacio · Solera
  7
IRAM-N
 11
236.0
 21
45.2
 31
0.0
100
AcDbAttribute
  2
INTEGRANTES
 70
0
 74
1
 71
1
 72
0
 11
236.0
 21
45.2
 31
0.0
  0
ATTRIB
  5
17D
330
1B
100
AcDbEntity
 67
1
  8
0
 62
0
100
AcDbText
 10
353.0
 20
45.2
 30
0.0
 40
2.5
  1
PLANOS_AGD-2026.dwg
  7
IRAM-N
 11
353.0
 21
45.2
 31
0.0
100
AcDbAttribute
  2
ARCHIVO
 70
0
 74
1
 71
1
 72
0
 11
353.0
 21
45.2
 31
0.0
  0
ATTRIB
  5
17E
330
1B
100
AcDbEntity
 67
1
  8
0
 62
0
100
AcDbText
 10
237.0
 20
76.0
 30
0.0
 40
5.0
  1
Título de la lámina
  7
IRAM-NEGRITA
 11
237.0
 21
76.0
 31
0.0
100
AcDbAttribute
  2
TITULO
 70
0
 74
3
 71
2
 72
0
 11
237.0
 21
76.0
 31
0.0
101
Embedded Object
 10
237.0
 20
76.0
 30
0.0
 40
5.0
 41
171.0
 46
0.0
 71
1
 72
5
  1
Título de la lámina
  7
IRAM-NEGRITA
  0
ATTRIB
  5
17F
330
1B
100
AcDbEntity
 67
1
  8
0
 62
0
100
AcDbText
 10
237.0
 20
54.8
 30
0.0
 40
2.5
  1
Subtítulo de la lámina
  7
IRAM-N
 11
237.0
 21
54.8
 31
0.0
100
AcDbAttribute
  2
SUBTITULO
 70
0
 74
1
 71
2
 72
0
 11
237.0
 21
54.8
 31
0.0
101
Embedded Object
 10
237.0
 20
54.8
 30
0.0
 40
2.5
 41
171.0
 46
0.0
 71
7
 72
5
  1
Subtítulo de la lámina
  7
IRAM-N
  0
ATTRIB
  5
180
330
1B
100
AcDbEntity
 67
1
  8
0
 62
0
100
AcDbText
 10
237.0
 20
86.3
 30
0.0
 40
2.5
  1
UTN — Facultad Regional Córdoba · Ingeniería Industrial · Proyecto Final
  7
IRAM-NEGRITA
 11
237.0
 21
86.3
 31
0.0
100
AcDbAttribute
  2
ENCABEZADO
 70
0
 74
3
 71
1
 72
0
 11
237.0
 21
86.3
 31
0.0
  0
ATTRIB
  5
181
330
1B
100
AcDbEntity
 67
1
  8
0
 62
0
100
AcDbText
 10
237.0
 20
78.7
 30
0.0
 40
2.5
  1
Sistema de distribución de fertilizantes a granel — Redler — AGD Río Primero
  7
IRAM-N
 11
237.0
 21
78.7
 31
0.0
100
AcDbAttribute
  2
SISTEMA
 70
0
 74
1
 71
1
 72
0
 11
237.0
 21
78.7
 31
0.0
  0
ATTRIB
  5
182
330
1B
100
AcDbEntity
 67
1
  8
0
 62
0
100
AcDbText
 10
242.5
 20
96.5
 30
0.0
 40
2.5
  1
E
  7
IRAM-N
 72
1
 11
242.5
 21
96.5
 31
0.0
100
AcDbAttribute
  2
REV1_REV
 70
0
 74
2
 71
1
 72
0
 11
242.5
 21
96.5
 31
0.0
  0
ATTRIB
  5
183
330
1B
100
AcDbEntity
 67
1
  8
0
 62
0
100
AcDbText
 10
264.0
 20
96.5
 30
0.0
 40
2.5
  1
03/10/2026
  7
IRAM-N
 72
1
 11
264.0
 21
96.5
 31
0.0
100
AcDbAttribute
  2
REV1_FECHA
 70
0
 74
2
 71
1
 72
0
 11
264.0
 21
96.5
 31
0.0
  0
ATTRIB
  5
184
330
1B
100
AcDbEntity
 67
1
  8
0
 62
0
100
AcDbText
 10
279.0
 20
96.5
 30
0.0
 40
2.5
  1
Emisión tercera entrega
  7
IRAM-N
 11
279.0
 21
96.5
 31
0.0
100
AcDbAttribute
  2
REV1_DESCRIPCION
 70
0
 74
2
 71
1
 72
0
 11
279.0
 21
96.5
 31
0.0
  0
ATTRIB
  5
185
330
1B
100
AcDbEntity
 67
1
  8
0
 62
0
100
AcDbText
 10
366.0
 20
96.5
 30
0.0
 40
2.5
  1
G. Planckensteiner
  7
IRAM-N
 11
366.0
 21
96.5
 31
0.0
100
AcDbAttribute
  2
REV1_DIBUJO
 70
0
 74
2
 71
1
 72
0
 11
366.0
 21
96.5
 31
0.0
  0
SEQEND
  5
16F
330
16E
100
AcDbEntity
 67
1
  8
G-ROTULO
  0
ENDSEC
  0
SECTION
  2
OBJECTS
  0
DICTIONARY
  5
A
330
0
100
AcDbDictionary
281
1
  3
ACAD_COLOR
350
B
  3
ACAD_GROUP
350
C
  3
ACAD_LAYOUT
350
D
  3
ACAD_MATERIAL
350
E
  3
ACAD_MLEADERSTYLE
350
F
  3
ACAD_MLINESTYLE
350
10
  3
ACAD_PLOTSETTINGS
350
11
  3
ACAD_PLOTSTYLENAME
350
12
  3
ACAD_SCALELIST
350
14
  3
ACAD_TABLESTYLE
350
15
  3
ACAD_VISUALSTYLE
350
16
  3
EZDXF_META
350
2D
  0
DICTIONARY
  5
B
330
A
100
AcDbDictionary
281
1
  0
DICTIONARY
  5
C
330
A
100
AcDbDictionary
281
1
  0
DICTIONARY
  5
D
330
A
100
AcDbDictionary
281
1
  3
Model
350
1A
  3
PL-00
350
1E
  0
DICTIONARY
  5
E
330
A
100
AcDbDictionary
281
1
  3
ByBlock
350
1F
  3
ByLayer
350
20
  3
Global
350
21
  0
DICTIONARY
  5
F
330
A
100
AcDbDictionary
281
1
  3
Standard
350
2C
  3
IRAM-REF
350
B9
  3
IRAM-GLOBO
350
BA
  0
DICTIONARY
  5
10
330
A
100
AcDbDictionary
281
1
  3
Standard
350
22
  0
DICTIONARY
  5
11
330
A
100
AcDbDictionary
281
1
  0
ACDBDICTIONARYWDFLT
  5
12
330
A
100
AcDbDictionary
281
1
  3
Normal
350
13
100
AcDbDictionaryWithDefault
340
13
  0
ACDBPLACEHOLDER
  5
13
330
12
  0
DICTIONARY
  5
14
330
A
100
AcDbDictionary
281
1
  0
DICTIONARY
  5
15
330
A
100
AcDbDictionary
281
1
  0
DICTIONARY
  5
16
330
A
100
AcDbDictionary
281
1
  0
LAYOUT
  5
1A
330
D
100
AcDbPlotSettings
  1

  4
A3
  6

 40
7.5
 41
20.0
 42
7.5
 43
20.0
 44
420.0
 45
297.0
 46
0.0
 47
0.0
 48
0.0
 49
0.0
140
0.0
141
0.0
142
1.0
143
1.0
 70
1024
 72
1
 73
0
 74
5
  7

 75
16
 76
0
 77
2
 78
300
147
1.0
148
0.0
149
0.0
100
AcDbLayout
  1
Model
 70
1
 71
0
 10
0.0
 20
0.0
 11
420.0
 21
297.0
 12
0.0
 22
0.0
 32
0.0
 14
1e+20
 24
1e+20
 34
1e+20
 15
-1e+20
 25
-1e+20
 35
-1e+20
146
0.0
 13
0.0
 23
0.0
 33
0.0
 16
1.0
 26
0.0
 36
0.0
 17
0.0
 27
1.0
 37
0.0
 76
1
330
17
  0
LAYOUT
  5
1E
330
D
100
AcDbPlotSettings
  1

  2
DWG To PDF.pc3
  4
ISO_full_bleed_A3_(420.00_x_297.00_MM)_(420.00_x_297.00_MM)
  6

 40
0.0
 41
0.0
 42
0.0
 43
0.0
 44
420.0
 45
297.0
 46
0.0
 47
0.0
 48
0.0
 49
0.0
140
0.0
141
0.0
142
1.0
143
1.0
 70
674
 72
1
 73
0
 74
5
  7
PF-IRAM-MONO.ctb
 75
16
 76
0
 77
2
 78
300
147
1.0
148
0.0
149
0.0
100
AcDbLayout
  1
PL-00
 70
1
 71
1
 10
-0.0
 20
-0.0
 11
420.0
 21
297.0
 12
0.0
 22
0.0
 32
0.0
 14
1e+20
 24
1e+20
 34
1e+20
 15
-1e+20
 25
-1e+20
 35
-1e+20
146
0.0
 13
0.0
 23
0.0
 33
0.0
 16
1.0
 26
0.0
 36
0.0
 17
0.0
 27
1.0
 37
0.0
 76
1
330
1B
331
168
  0
MATERIAL
  5
1F
102
{ACAD_REACTORS
330
E
102
}
330
E
100
AcDbMaterial
  1
ByBlock
  2

 70
0
 40
1.0
 71
1
 41
1.0
 91
-1023410177
 42
1.0
 72
1
  3

 73
1
 74
1
 75
1
 44
0.5
 73
0
 45
1.0
 46
1.0
 77
1
  4

 78
1
 79
1
170
1
 48
1.0
171
1
  6

172
1
173
1
174
1
140
1.0
141
1.0
175
1
  7

176
1
177
1
178
1
143
1.0
179
1
  8

270
1
271
1
272
1
145
1.0
146
1.0
273
1
  9

274
1
275
1
276
1
 42
1.0
 72
1
  3

 73
1
 74
1
 75
1
 94
63
  0
MATERIAL
  5
20
102
{ACAD_REACTORS
330
E
102
}
330
E
100
AcDbMaterial
  1
ByLayer
  2

 70
0
 40
1.0
 71
1
 41
1.0
 91
-1023410177
 42
1.0
 72
1
  3

 73
1
 74
1
 75
1
 44
0.5
 73
0
 45
1.0
 46
1.0
 77
1
  4

 78
1
 79
1
170
1
 48
1.0
171
1
  6

172
1
173
1
174
1
140
1.0
141
1.0
175
1
  7

176
1
177
1
178
1
143
1.0
179
1
  8

270
1
271
1
272
1
145
1.0
146
1.0
273
1
  9

274
1
275
1
276
1
 42
1.0
 72
1
  3

 73
1
 74
1
 75
1
 94
63
  0
MATERIAL
  5
21
102
{ACAD_REACTORS
330
E
102
}
330
E
100
AcDbMaterial
  1
Global
  2

 70
0
 40
1.0
 71
1
 41
1.0
 91
-1023410177
 42
1.0
 72
1
  3

 73
1
 74
1
 75
1
 44
0.5
 73
0
 45
1.0
 46
1.0
 77
1
  4

 78
1
 79
1
170
1
 48
1.0
171
1
  6

172
1
173
1
174
1
140
1.0
141
1.0
175
1
  7

176
1
177
1
178
1
143
1.0
179
1
  8

270
1
271
1
272
1
145
1.0
146
1.0
273
1
  9

274
1
275
1
276
1
 42
1.0
 72
1
  3

 73
1
 74
1
 75
1
 94
63
  0
MLINESTYLE
  5
22
102
{ACAD_REACTORS
330
10
102
}
330
10
100
AcDbMlineStyle
  2
Standard
 70
0
  3

 62
256
 51
90.0
 52
90.0
 71
2
 49
0.5
 62
256
  6
BYLAYER
 49
-0.5
 62
256
  6
BYLAYER
  0
MLEADERSTYLE
  5
2C
102
{ACAD_REACTORS
330
F
102
}
330
F
100
AcDbMLeaderStyle
179
2
170
2
171
1
172
0
 90
2
 40
0.0
 41
0.0
173
1
 91
-1056964608
 92
-2
290
1
 42
2.0
291
1
 43
8.0
  3
Standard
 44
4.0
300

342
29
174
1
175
1
176
0
178
1
 93
-1056964608
 45
4.0
292
0
297
0
 46
4.0
 94
-1056964608
 47
1.0
 49
1.0
140
1.0
294
1
141
0.0
177
0
142
1.0
295
0
296
0
143
3.75
271
0
272
9
273
9
  0
DICTIONARY
  5
2D
330
A
100
AcDbDictionary
280
1
281
1
  3
CREATED_BY_EZDXF
350
2E
  3
WRITTEN_BY_EZDXF
350
2D1
  0
DICTIONARYVAR
  5
2E
330
2D
100
DictionaryVariables
280
0
  1
1.4.4 @ 2026-10-04T06:54:34.922502+00:00
  0
MLEADERSTYLE
  5
B9
102
{ACAD_REACTORS
330
F
102
}
330
F
100
AcDbMLeaderStyle
179
2
170
2
171
1
172
0
 90
2
 40
0.0
 41
0.0
173
1
 91
-1073741824
 92
-1
290
1
 42
1.0
291
1
 43
3.0
  3
IRAM-REF
341
65
 44
1.0
300

342
5E
174
1
175
1
176
0
178
1
 93
-1073741824
 45
2.5
292
0
297
0
 46
4.0
 94
-1056964608
 47
1.0
 49
1.0
140
1.0
294
1
141
0.0
177
0
142
1.0
295
0
296
1
143
3.75
271
0
272
9
273
9
  0
MLEADERSTYLE
  5
BA
102
{ACAD_REACTORS
330
F
102
}
330
F
100
AcDbMLeaderStyle
179
2
170
1
171
1
172
0
 90
2
 40
0.0
 41
0.0
173
1
 91
-1073741824
 92
-1
290
1
 42
1.0
291
0
 43
0.0
  3
IRAM-GLOBO
341
65
 44
1.0
300

342
5E
174
1
175
1
176
0
178
1
 93
-1073741824
 45
2.5
292
0
297
0
 46
4.0
343
71
 94
-1056964608
 47
1.0
 49
1.0
140
1.0
294
1
141
0.0
177
1
142
1.0
295
0
296
1
143
3.75
271
0
272
9
273
9
  0
DICTIONARY
  5
2CD
330
17
100
AcDbDictionary
280
1
281
1
  3
ACAD_SORTENTS
350
2CE
  0
SORTENTSTABLE
  5
2CE
330
2CD
100
AcDbSortentsTable
330
17
331
187
  5
1
331
189
  5
2
331
18B
  5
3
331
18D
  5
4
331
18F
  5
5
331
191
  5
6
331
193
  5
7
331
195
  5
8
331
197
  5
9
331
19F
  5
A
331
1A2
  5
B
331
1A5
  5
C
331
1A8
  5
D
331
1AA
  5
E
331
1AC
  5
F
331
1AE
  5
10
331
1B0
  5
11
331
1B2
  5
12
331
1B4
  5
13
331
1B6
  5
14
331
1B8
  5
15
331
1BA
  5
16
331
1BC
  5
17
331
1BE
  5
18
331
1C0
  5
19
331
1C2
  5
1A
331
1C4
  5
1B
331
1C6
  5
1C
331
1C8
  5
1D
331
1CA
  5
1E
331
1CC
  5
1F
331
1CE
  5
20
331
1D0
  5
21
331
1D2
  5
22
331
1D4
  5
23
331
1D6
  5
24
331
1D8
  5
25
331
1E3
  5
26
331
1E5
  5
27
331
1E7
  5
28
331
1E9
  5
29
331
1EC
  5
2A
331
1EE
  5
2B
331
1F1
  5
2C
331
1F3
  5
2D
331
1F5
  5
2E
331
1F8
  5
2F
331
1FA
  5
30
331
1FD
  5
31
331
211
  5
32
331
213
  5
33
331
217
  5
34
331
219
  5
35
331
21B
  5
36
331
21D
  5
37
331
21F
  5
38
331
221
  5
39
331
223
  5
3A
331
225
  5
3B
331
227
  5
3C
331
229
  5
3D
331
22B
  5
3E
331
22D
  5
3F
331
22F
  5
40
331
231
  5
41
331
233
  5
42
331
235
  5
43
331
238
  5
44
331
23B
  5
45
331
23D
  5
46
331
23F
  5
47
331
241
  5
48
331
243
  5
49
331
245
  5
4A
331
247
  5
4B
331
249
  5
4C
331
24B
  5
4D
331
24D
  5
4E
331
24F
  5
4F
331
251
  5
50
331
253
  5
51
331
255
  5
52
331
257
  5
53
331
259
  5
54
331
25B
  5
55
331
25D
  5
56
331
25F
  5
57
331
261
  5
58
331
263
  5
59
331
265
  5
5A
331
267
  5
5B
331
269
  5
5C
331
26B
  5
5D
331
26D
  5
5E
331
272
  5
5F
331
275
  5
60
331
27F
  5
61
331
281
  5
62
331
283
  5
63
331
285
  5
64
331
287
  5
65
331
289
  5
66
331
28B
  5
67
331
28F
  5
68
331
293
  5
69
331
295
  5
6A
331
297
  5
6B
331
2A5
  5
6C
331
2A7
  5
6D
331
2AB
  5
6E
331
2AF
  5
6F
331
2B1
  5
70
331
2B4
  5
71
331
2B7
  5
72
331
2B9
  5
73
331
128
  5
74
331
129
  5
75
331
12A
  5
76
331
12B
  5
77
331
12D
  5
78
331
12E
  5
79
331
12F
  5
7A
331
130
  5
7B
331
132
  5
7C
331
133
  5
7D
331
134
  5
7E
331
135
  5
7F
331
137
  5
80
331
138
  5
81
331
139
  5
82
331
13A
  5
83
331
13C
  5
84
331
13D
  5
85
331
13E
  5
86
331
13F
  5
87
331
141
  5
88
331
142
  5
89
331
143
  5
8A
331
144
  5
8B
331
146
  5
8C
331
147
  5
8D
331
148
  5
8E
331
149
  5
8F
331
14B
  5
90
331
14C
  5
91
331
14D
  5
92
331
14E
  5
93
331
150
  5
94
331
151
  5
95
331
152
  5
96
331
153
  5
97
331
155
  5
98
331
156
  5
99
331
157
  5
9A
331
158
  5
9B
331
15A
  5
9C
331
15B
  5
9D
331
15C
  5
9E
331
15D
  5
9F
331
15F
  5
A0
331
160
  5
A1
331
161
  5
A2
331
162
  5
A3
331
164
  5
A4
331
165
  5
A5
331
166
  5
A6
331
167
  5
A7
331
186
  5
A8
331
188
  5
A9
331
18A
  5
AA
331
18C
  5
AB
331
18E
  5
AC
331
190
  5
AD
331
192
  5
AE
331
194
  5
AF
331
196
  5
B0
331
198
  5
B1
331
199
  5
B2
331
19A
  5
B3
331
19B
  5
B4
331
19C
  5
B5
331
19D
  5
B6
331
19E
  5
B7
331
1A0
  5
B8
331
1A1
  5
B9
331
1A3
  5
BA
331
1A4
  5
BB
331
1A6
  5
BC
331
1A7
  5
BD
331
1A9
  5
BE
331
1AB
  5
BF
331
1AD
  5
C0
331
1AF
  5
C1
331
1B1
  5
C2
331
1B3
  5
C3
331
1B5
  5
C4
331
1B7
  5
C5
331
1B9
  5
C6
331
1BB
  5
C7
331
1BD
  5
C8
331
1BF
  5
C9
331
1C1
  5
CA
331
1C3
  5
CB
331
1C5
  5
CC
331
1C7
  5
CD
331
1C9
  5
CE
331
1CB
  5
CF
331
1CD
  5
D0
331
1CF
  5
D1
331
1D1
  5
D2
331
1D3
  5
D3
331
1D5
  5
D4
331
1D7
  5
D5
331
1D9
  5
D6
331
1DA
  5
D7
331
1DB
  5
D8
331
1DC
  5
D9
331
1DD
  5
DA
331
1DE
  5
DB
331
1DF
  5
DC
331
1E0
  5
DD
331
1E1
  5
DE
331
1E2
  5
DF
331
1E4
  5
E0
331
1E6
  5
E1
331
1E8
  5
E2
331
1EA
  5
E3
331
1EB
  5
E4
331
1ED
  5
E5
331
1EF
  5
E6
331
1F0
  5
E7
331
1F2
  5
E8
331
1F4
  5
E9
331
1F6
  5
EA
331
1F7
  5
EB
331
1F9
  5
EC
331
1FB
  5
ED
331
1FC
  5
EE
331
1FE
  5
EF
331
1FF
  5
F0
331
200
  5
F1
331
201
  5
F2
331
202
  5
F3
331
203
  5
F4
331
204
  5
F5
331
205
  5
F6
331
206
  5
F7
331
207
  5
F8
331
208
  5
F9
331
209
  5
FA
331
20A
  5
FB
331
20B
  5
FC
331
20C
  5
FD
331
20D
  5
FE
331
20E
  5
FF
331
20F
  5
100
331
210
  5
101
331
212
  5
102
331
214
  5
103
331
215
  5
104
331
216
  5
105
331
218
  5
106
331
21A
  5
107
331
21C
  5
108
331
21E
  5
109
331
220
  5
10A
331
222
  5
10B
331
224
  5
10C
331
226
  5
10D
331
228
  5
10E
331
22A
  5
10F
331
22C
  5
110
331
22E
  5
111
331
230
  5
112
331
232
  5
113
331
234
  5
114
331
236
  5
115
331
237
  5
116
331
239
  5
117
331
23A
  5
118
331
23C
  5
119
331
23E
  5
11A
331
240
  5
11B
331
242
  5
11C
331
244
  5
11D
331
246
  5
11E
331
248
  5
11F
331
24A
  5
120
331
24C
  5
121
331
24E
  5
122
331
250
  5
123
331
252
  5
124
331
254
  5
125
331
256
  5
126
331
258
  5
127
331
25A
  5
128
331
25C
  5
129
331
25E
  5
12A
331
260
  5
12B
331
262
  5
12C
331
264
  5
12D
331
266
  5
12E
331
268
  5
12F
331
26A
  5
130
331
26C
  5
131
331
26E
  5
132
331
26F
  5
133
331
270
  5
134
331
271
  5
135
331
273
  5
136
331
274
  5
137
331
276
  5
138
331
277
  5
139
331
278
  5
13A
331
279
  5
13B
331
27A
  5
13C
331
27B
  5
13D
331
27C
  5
13E
331
27D
  5
13F
331
27E
  5
140
331
280
  5
141
331
282
  5
142
331
284
  5
143
331
286
  5
144
331
288
  5
145
331
28A
  5
146
331
28C
  5
147
331
28D
  5
148
331
28E
  5
149
331
290
  5
14A
331
291
  5
14B
331
292
  5
14C
331
294
  5
14D
331
296
  5
14E
331
298
  5
14F
331
299
  5
150
331
29A
  5
151
331
29B
  5
152
331
29C
  5
153
331
29D
  5
154
331
29E
  5
155
331
29F
  5
156
331
2A0
  5
157
331
2A1
  5
158
331
2A2
  5
159
331
2A3
  5
15A
331
2A4
  5
15B
331
2A6
  5
15C
331
2A8
  5
15D
331
2A9
  5
15E
331
2AA
  5
15F
331
2AC
  5
160
331
2AD
  5
161
331
2AE
  5
162
331
2B0
  5
163
331
2B2
  5
164
331
2B3
  5
165
331
2B5
  5
166
331
2B6
  5
167
331
2B8
  5
168
331
2BA
  5
169
331
2BB
  5
16A
331
2BC
  5
16B
331
2BD
  5
16C
331
2BE
  5
16D
331
2BF
  5
16E
331
2C0
  5
16F
331
2C1
  5
170
331
2C2
  5
171
331
2C3
  5
172
331
2C4
  5
173
331
2C5
  5
174
331
2C6
  5
175
331
2C7
  5
176
331
2C8
  5
177
331
2C9
  5
178
331
2CA
  5
179
331
2CB
  5
17A
331
2CC
  5
17B
  0
DICTIONARYVAR
  5
2D1
330
2D
100
DictionaryVariables
280
0
  1
1.4.4 @ 2026-10-04T06:54:34.972334+00:00
  0
ENDSEC
  0
EOF
